series_key,series,package_family,source_brand,page_start,page_end,parser_type,dimension_source,esr_source,order_code_policy,geometry_status,loss_model_status,registration_scope,blocked_reason
MVE_smd,MVE,smd,Nippon Chemi-Con,105,107,tandelta_table,size_code_dimension_join,tandelta_derived,real_or_placeholder_order_code,geometry_ready,loss_ready,audit_ready,
MZT_smd,MZT,smd,Nippon Chemi-Con,108,109,impedance_as_esr_table,size_code_dimension_join,impedance_proxy,real_or_placeholder_order_code,geometry_ready,loss_ready,audit_ready,
MZS_smd,MZS,smd,Nippon Chemi-Con,110,111,impedance_as_esr_table,size_code_dimension_join,impedance_proxy,real_or_placeholder_order_code,geometry_ready,loss_ready,audit_ready,
MZL_smd,MZL,smd,Nippon Chemi-Con,112,113,impedance_as_esr_table,size_code_dimension_join,impedance_proxy,real_or_placeholder_order_code,geometry_ready,loss_ready,audit_ready,
MZR_smd,MZR,smd,Nippon Chemi-Con,114,115,impedance_as_esr_table,size_code_dimension_join,impedance_proxy,real_or_placeholder_order_code,geometry_ready,loss_ready,audit_ready,
MZJ_smd,MZJ,smd,Nippon Chemi-Con,116,117,impedance_as_esr_table,size_code_dimension_join,impedance_proxy,real_or_placeholder_order_code,geometry_ready,loss_ready,audit_ready,
MZA_smd,MZA,smd,Nippon Chemi-Con,118,119,impedance_as_esr_table,size_code_dimension_join,impedance_proxy,real_or_placeholder_order_code,geometry_ready,loss_ready,audit_ready,
MVY_smd,MVY,smd,Nippon Chemi-Con,120,121,impedance_as_esr_table,size_code_dimension_join,impedance_proxy,real_or_placeholder_order_code,geometry_ready,loss_ready,audit_ready,
MZF_smd,MZF,smd,Nippon Chemi-Con,122,122,impedance_as_esr_table,size_code_dimension_join,impedance_proxy,real_or_placeholder_order_code,geometry_ready,loss_ready,audit_ready,
MZE_smd,MZE,smd,Nippon Chemi-Con,123,123,impedance_as_esr_table,size_code_dimension_join,impedance_proxy,real_or_placeholder_order_code,geometry_ready,loss_ready,audit_ready,
MZK_smd,MZK,smd,Nippon Chemi-Con,124,125,impedance_as_esr_table,size_code_dimension_join,impedance_proxy,real_or_placeholder_order_code,geometry_ready,loss_ready,audit_ready,
MLA_smd,MLA,smd,Nippon Chemi-Con,126,127,impedance_as_esr_table,size_code_dimension_join,impedance_proxy,real_or_placeholder_order_code,geometry_ready,loss_ready,audit_ready,
MLF_smd,MLF,smd,Nippon Chemi-Con,128,128,tandelta_table,size_code_dimension_join,tandelta_derived,real_or_placeholder_order_code,geometry_ready,loss_ready,audit_ready,
MLE_smd,MLE,smd,Nippon Chemi-Con,129,129,tandelta_table,size_code_dimension_join,tandelta_derived,real_or_placeholder_order_code,geometry_ready,loss_ready,audit_ready,
MLK_smd,MLK,smd,Nippon Chemi-Con,130,130,tandelta_table,size_code_dimension_join,tandelta_derived,real_or_placeholder_order_code,geometry_ready,loss_ready,audit_ready,
MVL_smd,MVL,smd,Nippon Chemi-Con,131,131,tandelta_table,size_code_dimension_join,tandelta_derived,real_or_placeholder_order_code,geometry_ready,loss_ready,audit_ready,
MHU_smd,MHU,smd,Nippon Chemi-Con,132,133,direct_esr_table,size_code_dimension_join,direct_esr,real_or_placeholder_order_code,geometry_ready,loss_ready,audit_ready,
MHS_smd,MHS,smd,Nippon Chemi-Con,134,135,direct_esr_table,size_code_dimension_join,direct_esr,real_or_placeholder_order_code,geometry_ready,loss_ready,audit_ready,
MVH_smd,MVH,smd,Nippon Chemi-Con,136,138,impedance_as_esr_table,size_code_dimension_join,impedance_proxy,real_or_placeholder_order_code,geometry_ready,loss_ready,audit_ready,
MHL_smd,MHL,smd,Nippon Chemi-Con,138,139,direct_esr_table,size_code_dimension_join,direct_esr,real_or_placeholder_order_code,geometry_ready,loss_ready,audit_ready,
MHB_smd,MHB,smd,Nippon Chemi-Con,140,141,direct_esr_table,size_code_dimension_join,direct_esr,real_or_placeholder_order_code,geometry_ready,loss_ready,audit_ready,
MHJ_smd,MHJ,smd,Nippon Chemi-Con,142,143,direct_esr_table,size_code_dimension_join,direct_esr,real_or_placeholder_order_code,geometry_ready,loss_ready,audit_ready,
MHK_smd,MHK,smd,Nippon Chemi-Con,144,144,direct_esr_table,size_code_dimension_join,direct_esr,real_or_placeholder_order_code,geometry_ready,loss_ready,audit_ready,
MXB_smd,MXB,smd,Nippon Chemi-Con,145,146,impedance_as_esr_table,size_code_dimension_join,impedance_proxy,real_or_placeholder_order_code,geometry_ready,loss_ready,audit_ready,
SRG_radial,SRG,radial,Nippon Chemi-Con,148,149,tandelta_table,case_size_dxL_table,tandelta_derived,real_order_code,geometry_ready,loss_ready,audit_ready,
KRG_radial,KRG,radial,Nippon Chemi-Con,150,151,tandelta_table,case_size_dxL_table,tandelta_derived,real_order_code,geometry_ready,loss_ready,audit_ready,
KMQ_radial,KMQ,radial,Nippon Chemi-Con,152,153,tandelta_table,case_size_dxL_table,tandelta_derived,real_order_code,geometry_ready,loss_ready,audit_ready,
KZN_radial,KZN,radial,Nippon Chemi-Con,154,156,impedance_as_esr_table,case_size_dxL_table,impedance_proxy,real_order_code,geometry_ready,loss_ready,audit_ready,
KZM_radial,KZM,radial,Nippon Chemi-Con,157,159,impedance_as_esr_table,case_size_dxL_table,impedance_proxy,real_order_code,geometry_ready,loss_ready,audit_ready,
KZH_radial,KZH,radial,Nippon Chemi-Con,160,161,impedance_as_esr_table,case_size_dxL_table,impedance_proxy,real_order_code,geometry_ready,loss_ready,audit_ready,
KZE_radial,KZE,radial,Nippon Chemi-Con,162,163,impedance_as_esr_table,case_size_dxL_table,impedance_proxy,real_order_code,geometry_ready,loss_ready,audit_ready,
KYC_radial,KYC,radial,Nippon Chemi-Con,164,165,impedance_as_esr_table,case_size_dxL_table,impedance_proxy,real_order_code,geometry_ready,loss_ready,audit_ready,
KYB_radial,KYB,radial,Nippon Chemi-Con,166,168,impedance_as_esr_table,case_size_dxL_table,impedance_proxy,real_order_code,geometry_ready,loss_ready,audit_ready,
KYA_radial,KYA,radial,Nippon Chemi-Con,169,170,impedance_as_esr_table,case_size_dxL_table,impedance_proxy,real_order_code,geometry_ready,loss_ready,audit_ready,
KY_radial,KY,radial,Nippon Chemi-Con,171,173,impedance_as_esr_table,case_size_dxL_table,impedance_proxy,real_order_code,geometry_ready,loss_ready,audit_ready,
LZA_radial,LZA,radial,Nippon Chemi-Con,174,175,impedance_as_esr_table,case_size_dxL_table,impedance_proxy,real_order_code,geometry_ready,loss_ready,audit_ready,
LXZ_radial,LXZ,radial,Nippon Chemi-Con,176,178,impedance_as_esr_table,case_size_dxL_table,impedance_proxy,real_order_code,geometry_ready,loss_ready,audit_ready,
LXY_radial,LXY,radial,Nippon Chemi-Con,179,180,impedance_as_esr_table,case_size_dxL_table,impedance_proxy,real_order_code,geometry_ready,loss_ready,audit_ready,
LXV_radial,LXV,radial,Nippon Chemi-Con,181,183,impedance_as_esr_table,case_size_dxL_table,impedance_proxy,real_order_code,geometry_ready,loss_ready,audit_ready,
KXQ_radial,KXQ,radial,Nippon Chemi-Con,184,185,tandelta_table,case_size_dxL_table,tandelta_derived,real_order_code,geometry_ready,loss_ready,audit_ready,
KXN_radial,KXN,radial,Nippon Chemi-Con,186,187,tandelta_table,case_size_dxL_table,tandelta_derived,real_order_code,geometry_ready,loss_ready,audit_ready,
KXL_radial,KXL,radial,Nippon Chemi-Con,188,189,tandelta_table,case_size_dxL_table,tandelta_derived,real_order_code,geometry_ready,loss_ready,audit_ready,
KXJ_radial,KXJ,radial,Nippon Chemi-Con,190,193,tandelta_table,case_size_dxL_table,tandelta_derived,real_order_code,geometry_ready,loss_ready,audit_ready,
KWB_radial,KWB,radial,Nippon Chemi-Con,194,195,tandelta_table,case_size_dxL_table,tandelta_derived,real_order_code,geometry_ready,loss_ready,audit_ready,
KWA_radial,KWA,radial,Nippon Chemi-Con,196,197,tandelta_table,case_size_dxL_table,tandelta_derived,real_order_code,geometry_ready,loss_ready,audit_ready,
KHF_radial,KHF,radial,Nippon Chemi-Con,198,199,tandelta_table,case_size_dxL_table,tandelta_derived,real_order_code,geometry_ready,loss_ready,audit_ready,
KHE_radial,KHE,radial,Nippon Chemi-Con,200,201,tandelta_table,case_size_dxL_table,tandelta_derived,real_order_code,geometry_ready,loss_ready,audit_ready,
PAG_radial,PAG,radial,Nippon Chemi-Con,202,203,tandelta_table,case_size_dxL_table,tandelta_derived,real_order_code,geometry_ready,loss_ready,audit_ready,
KLJ_radial,KLJ,radial,Nippon Chemi-Con,204,205,tandelta_table,case_size_dxL_table,tandelta_derived,real_order_code,geometry_ready,loss_ready,audit_ready,
KXF_radial,KXF,radial,Nippon Chemi-Con,206,207,tandelta_table,case_size_dxL_table,tandelta_derived,real_order_code,geometry_ready,loss_ready,audit_ready,
GPA_radial,GPA,radial,Nippon Chemi-Con,208,211,impedance_as_esr_table,case_size_dxL_table,impedance_proxy,real_order_code,geometry_ready,loss_ready,audit_ready,
GVA_radial,GVA,radial,Nippon Chemi-Con,211,212,impedance_as_esr_table,case_size_dxL_table,impedance_proxy,real_order_code,geometry_ready,loss_ready,audit_ready,
GXM_radial,GXM,radial,Nippon Chemi-Con,213,214,tandelta_table,case_size_dxL_table,tandelta_derived,real_order_code,geometry_ready,loss_ready,audit_ready,
GXF_radial,GXF,radial,Nippon Chemi-Con,215,217,impedance_as_esr_table,case_size_dxL_table,impedance_proxy,real_order_code,geometry_ready,loss_ready,audit_ready,
GXL_radial,GXL,radial,Nippon Chemi-Con,218,219,impedance_as_esr_table,case_size_dxL_table,impedance_proxy,real_order_code,geometry_ready,loss_ready,audit_ready,
GPD_radial,GPD,radial,Nippon Chemi-Con,220,223,impedance_as_esr_table,case_size_dxL_table,impedance_proxy,real_order_code,geometry_ready,loss_ready,audit_ready,
GVD_radial,GVD,radial,Nippon Chemi-Con,223,224,impedance_as_esr_table,case_size_dxL_table,impedance_proxy,real_order_code,geometry_ready,loss_ready,audit_ready,
GQB_radial,GQB,radial,Nippon Chemi-Con,225,226,impedance_as_esr_table,case_size_dxL_table,impedance_proxy,real_order_code,geometry_ready,loss_ready,audit_ready,
LBV_radial,LBV,radial,Nippon Chemi-Con,227,228,tandelta_table,case_size_dxL_table,tandelta_derived,real_order_code,geometry_ready,loss_ready,audit_ready,
LBG_radial,LBG,radial,Nippon Chemi-Con,229,230,tandelta_table,case_size_dxL_table,tandelta_derived,real_order_code,geometry_ready,loss_ready,audit_ready,
SMR_snap_in,SMR,snap_in,Nippon Chemi-Con,232,233,tandelta_table,case_size_dxL_table,tandelta_derived,real_order_code,geometry_ready,loss_ready,audit_ready,
SMQ_snap_in,SMQ,snap_in,Nippon Chemi-Con,234,236,tandelta_table,case_size_dxL_table,tandelta_derived,real_order_code,geometry_ready,loss_ready,audit_ready,
KHV_snap_in,KHV,snap_in,Nippon Chemi-Con,237,239,tandelta_table,case_size_dxL_table,tandelta_derived,real_order_code,geometry_ready,loss_ready,audit_ready,
KHE_snap_in,KHE,snap_in,Nippon Chemi-Con,240,241,tandelta_table,case_size_dxL_table,tandelta_derived,real_order_code,geometry_ready,loss_ready,audit_ready,
KMZ_snap_in,KMZ,snap_in,Nippon Chemi-Con,242,243,tandelta_table,case_size_dxL_table,tandelta_derived,real_order_code,geometry_ready,loss_ready,audit_ready,
KMW_snap_in,KMW,snap_in,Nippon Chemi-Con,244,245,tandelta_table,case_size_dxL_table,tandelta_derived,real_order_code,geometry_ready,loss_ready,audit_ready,
KMR_snap_in,KMR,snap_in,Nippon Chemi-Con,246,248,tandelta_table,case_size_dxL_table,tandelta_derived,real_order_code,geometry_ready,loss_ready,audit_ready,
KMQ_snap_in,KMQ,snap_in,Nippon Chemi-Con,249,251,tandelta_table,case_size_dxL_table,tandelta_derived,real_order_code,geometry_ready,loss_ready,audit_ready,
RLB_snap_in,RLB,snap_in,Nippon Chemi-Con,252,253,tandelta_table,case_size_dxL_table,tandelta_derived,real_order_code,geometry_ready,loss_ready,audit_ready,
RLA_snap_in,RLA,snap_in,Nippon Chemi-Con,254,255,tandelta_table,case_size_dxL_table,tandelta_derived,real_order_code,geometry_ready,loss_ready,audit_ready,
KLA_snap_in,KLA,snap_in,Nippon Chemi-Con,256,257,tandelta_table,case_size_dxL_table,tandelta_derived,real_order_code,geometry_ready,loss_ready,audit_ready,
SMM_snap_in,SMM,snap_in,Nippon Chemi-Con,258,261,tandelta_table,case_size_dxL_table,tandelta_derived,real_order_code,geometry_ready,loss_ready,audit_ready,
KRB_snap_in,KRB,snap_in,Nippon Chemi-Con,262,263,tandelta_table,case_size_dxL_table,tandelta_derived,real_order_code,geometry_ready,loss_ready,audit_ready,
KHJ_snap_in,KHJ,snap_in,Nippon Chemi-Con,264,265,tandelta_table,case_size_dxL_table,tandelta_derived,real_order_code,geometry_ready,loss_ready,audit_ready,
KMT_snap_in,KMT,snap_in,Nippon Chemi-Con,266,267,tandelta_table,case_size_dxL_table,tandelta_derived,real_order_code,geometry_ready,loss_ready,audit_ready,
KHX_snap_in,KHX,snap_in,Nippon Chemi-Con,268,270,tandelta_table,case_size_dxL_table,tandelta_derived,real_order_code,geometry_ready,loss_ready,audit_ready,
KHR_snap_in,KHR,snap_in,Nippon Chemi-Con,271,271,tandelta_table,case_size_dxL_table,tandelta_derived,real_order_code,geometry_ready,loss_ready,audit_ready,
KHU_snap_in,KHU,snap_in,Nippon Chemi-Con,272,274,tandelta_table,case_size_dxL_table,tandelta_derived,real_order_code,geometry_ready,loss_ready,audit_ready,
KHS_snap_in,KHS,snap_in,Nippon Chemi-Con,275,276,tandelta_table,case_size_dxL_table,tandelta_derived,real_order_code,geometry_ready,loss_ready,audit_ready,
KMS_snap_in,KMS,snap_in,Nippon Chemi-Con,277,279,tandelta_table,case_size_dxL_table,tandelta_derived,real_order_code,geometry_ready,loss_ready,audit_ready,
KMM_snap_in,KMM,snap_in,Nippon Chemi-Con,280,283,tandelta_table,case_size_dxL_table,tandelta_derived,real_order_code,geometry_ready,loss_ready,audit_ready,
SMH_snap_in,SMH,snap_in,Nippon Chemi-Con,284,286,tandelta_table,case_size_dxL_table,tandelta_derived,real_order_code,geometry_ready,loss_ready,audit_ready,
KMH_snap_in,KMH,snap_in,Nippon Chemi-Con,287,289,tandelta_table,case_size_dxL_table,tandelta_derived,real_order_code,geometry_ready,loss_ready,audit_ready,
TXK_snap_in,TXK,snap_in,Nippon Chemi-Con,290,291,tandelta_table,case_size_dxL_table,tandelta_derived,real_order_code,geometry_ready,loss_ready,audit_ready,
TXH_snap_in,TXH,snap_in,Nippon Chemi-Con,292,293,tandelta_table,case_size_dxL_table,tandelta_derived,real_order_code,geometry_ready,loss_ready,audit_ready,
LXM_snap_in,LXM,snap_in,Nippon Chemi-Con,294,296,tandelta_table,case_size_dxL_table,tandelta_derived,real_order_code,geometry_ready,loss_ready,audit_ready,
LRB_snap_in,LRB,snap_in,Nippon Chemi-Con,297,298,tandelta_table,case_size_dxL_table,tandelta_derived,real_order_code,geometry_ready,loss_ready,audit_ready,
LHX_snap_in,LHX,snap_in,Nippon Chemi-Con,299,301,tandelta_table,case_size_dxL_table,tandelta_derived,real_order_code,geometry_ready,loss_ready,audit_ready,
LHJ_snap_in,LHJ,snap_in,Nippon Chemi-Con,302,303,tandelta_table,case_size_dxL_table,tandelta_derived,real_order_code,geometry_ready,loss_ready,audit_ready,
LHU_snap_in,LHU,snap_in,Nippon Chemi-Con,304,306,tandelta_table,case_size_dxL_table,tandelta_derived,real_order_code,geometry_ready,loss_ready,audit_ready,
LHS_snap_in,LHS,snap_in,Nippon Chemi-Con,307,308,tandelta_table,case_size_dxL_table,tandelta_derived,real_order_code,geometry_ready,loss_ready,audit_ready,
LXS_snap_in,LXS,snap_in,Nippon Chemi-Con,309,311,tandelta_table,case_size_dxL_table,tandelta_derived,real_order_code,geometry_ready,loss_ready,audit_ready,
LXQ_snap_in,LXQ,snap_in,Nippon Chemi-Con,312,314,tandelta_table,case_size_dxL_table,tandelta_derived,real_order_code,geometry_ready,loss_ready,audit_ready,
LXG_snap_in,LXG,snap_in,Nippon Chemi-Con,315,317,tandelta_table,case_size_dxL_table,tandelta_derived,real_order_code,geometry_ready,loss_ready,audit_ready,
LVA_snap_in,LVA,snap_in,Nippon Chemi-Con,318,319,tandelta_table,case_size_dxL_table,tandelta_derived,real_order_code,geometry_ready,loss_ready,audit_ready,
KVB_snap_in,KVB,snap_in,Nippon Chemi-Con,320,321,tandelta_table,case_size_dxL_table,tandelta_derived,real_order_code,geometry_ready,loss_ready,audit_ready,
KVA_snap_in,KVA,snap_in,Nippon Chemi-Con,322,323,tandelta_table,case_size_dxL_table,tandelta_derived,real_order_code,geometry_ready,loss_ready,audit_ready,
GXA_snap_in,GXA,snap_in,Nippon Chemi-Con,324,325,tandelta_table,case_size_dxL_table,tandelta_derived,real_order_code,geometry_ready,loss_ready,audit_ready,
CHA_snap_in,CHA,snap_in,Nippon Chemi-Con,326,327,tandelta_table,case_size_dxL_table,tandelta_derived,real_order_code,geometry_ready,loss_ready,audit_ready,
KMV_snap_in,KMV,snap_in,Nippon Chemi-Con,328,330,tandelta_table,case_size_dxL_table,tandelta_derived,real_order_code,geometry_ready,loss_ready,audit_ready,
SME_screw,SME,screw_terminal,Nippon Chemi-Con,332,333,tandelta_table,case_size_dxL_table,tandelta_derived,real_order_code,geometry_ready,loss_ready,audit_ready,
KMQ_screw,KMQ,screw_terminal,Nippon Chemi-Con,334,335,tandelta_table,case_size_dxL_table,tandelta_derived,real_order_code,geometry_ready,loss_ready,audit_ready,
KMH_screw,KMH,screw_terminal,Nippon Chemi-Con,336,339,tandelta_table,case_size_dxL_table,tandelta_derived,real_order_code,geometry_ready,loss_ready,audit_ready,
RWX_screw,RWX,screw_terminal,Nippon Chemi-Con,340,341,tandelta_table,case_size_dxL_table,tandelta_derived,real_order_code,geometry_ready,loss_ready,audit_ready,
RWK_screw,RWK,screw_terminal,Nippon Chemi-Con,342,343,tandelta_table,case_size_dxL_table,tandelta_derived,real_order_code,geometry_ready,loss_ready,audit_ready,
RWH_screw,RWH,screw_terminal,Nippon Chemi-Con,344,345,tandelta_table,case_size_dxL_table,tandelta_derived,real_order_code,geometry_ready,loss_ready,audit_ready,
RWF_screw,RWF,screw_terminal,Nippon Chemi-Con,346,347,tandelta_table,case_size_dxL_table,tandelta_derived,real_order_code,geometry_ready,loss_ready,audit_ready,
RWU_screw,RWU,screw_terminal,Nippon Chemi-Con,348,349,tandelta_table,case_size_dxL_table,tandelta_derived,real_order_code,geometry_ready,loss_ready,audit_ready,
RWJ_screw,RWJ,screw_terminal,Nippon Chemi-Con,350,351,tandelta_table,case_size_dxL_table,tandelta_derived,real_order_code,geometry_ready,loss_ready,audit_ready,
RWR_screw,RWR,screw_terminal,Nippon Chemi-Con,352,353,tandelta_table,case_size_dxL_table,tandelta_derived,real_order_code,geometry_ready,loss_ready,audit_ready,
RWQ_screw,RWQ,screw_terminal,Nippon Chemi-Con,354,355,tandelta_table,case_size_dxL_table,tandelta_derived,real_order_code,geometry_ready,loss_ready,audit_ready,
RWE_screw,RWE,screw_terminal,Nippon Chemi-Con,356,357,tandelta_table,case_size_dxL_table,tandelta_derived,real_order_code,geometry_ready,loss_ready,audit_ready,
RWL_screw,RWL,screw_terminal,Nippon Chemi-Con,358,359,tandelta_table,case_size_dxL_table,tandelta_derived,real_order_code,geometry_ready,loss_ready,audit_ready,
RHB_screw,RHB,screw_terminal,Nippon Chemi-Con,360,361,tandelta_table,case_size_dxL_table,tandelta_derived,real_order_code,geometry_ready,loss_ready,audit_ready,
RHA_screw,RHA,screw_terminal,Nippon Chemi-Con,362,363,tandelta_table,case_size_dxL_table,tandelta_derived,real_order_code,geometry_ready,loss_ready,audit_ready,
LXU_screw,LXU,screw_terminal,Nippon Chemi-Con,364,365,tandelta_table,case_size_dxL_table,tandelta_derived,real_order_code,geometry_ready,loss_ready,audit_ready,
LXA_screw,LXA,screw_terminal,Nippon Chemi-Con,366,370,tandelta_table,case_size_dxL_table,tandelta_derived,real_order_code,geometry_ready,loss_ready,audit_ready,
LXR_screw,LXR,screw_terminal,Nippon Chemi-Con,370,371,tandelta_table,case_size_dxL_table,tandelta_derived,real_order_code,geometry_ready,loss_ready,audit_ready,
RWV_screw,RWV,screw_terminal,Nippon Chemi-Con,372,374,tandelta_table,case_size_dxL_table,tandelta_derived,real_order_code,geometry_ready,loss_ready,audit_ready,
U37F_screw,U37F,screw_terminal,United Chemi-Con,375,381,direct_esr_table,case_size_dxL_table,direct_esr,real_order_code,geometry_ready,loss_ready,audit_ready,
U37L_screw,U37L,screw_terminal,United Chemi-Con,382,388,direct_esr_table,case_size_dxL_table,direct_esr,real_order_code,geometry_ready,loss_ready,audit_ready,
U37X_screw,U37X,screw_terminal,United Chemi-Con,389,395,direct_esr_table,case_size_dxL_table,direct_esr,real_order_code,geometry_ready,loss_ready,audit_ready,
UTOR_screw,UTOR,screw_terminal,United Chemi-Con,396,402,special_audio_or_toroidal,toroidal_shape_special,tandelta_derived,real_order_code,blocked_pending_geometry,loss_ready,blocked_with_reason,toroidal screw-terminal geometry needs a dedicated template before registration
MAR_audio,MAR,audio,Nippon Chemi-Con,403,403,special_audio_or_toroidal,size_code_dimension_join,tandelta_derived,placeholder_order_code,geometry_ready,loss_ready,audit_only_non_dc_link,audio application is not part of default DC-link selection
MAK_audio,MAK,audio,Nippon Chemi-Con,404,404,special_audio_or_toroidal,size_code_dimension_join,tandelta_derived,placeholder_order_code,geometry_ready,loss_ready,audit_only_non_dc_link,audio application is not part of default DC-link selection
AVH_audio,AVH,audio,Nippon Chemi-Con,405,406,special_audio_or_toroidal,case_size_dxL_table,tandelta_derived,placeholder_order_code,geometry_ready,loss_ready,audit_only_non_dc_link,audio application is not part of default DC-link selection
AWJ_audio,AWJ,audio,Nippon Chemi-Con,407,407,special_audio_or_toroidal,case_size_dxL_table,tandelta_derived,placeholder_order_code,geometry_ready,loss_ready,audit_only_non_dc_link,audio application is not part of default DC-link selection
