matrix_id,case_id,topology_id,status,operating_point_input_checksum,hardware_snapshot_checksum,waveform_metrics_checksum
01_buck_diode,c01_nominal_full_load,buck_diode_rectified_unidirectional,executed,bdb93d2a3c0c6a27bbf9ecf01bad68744823c9d6bbd86aa27d2b05d612b1da42,2f935506c8e3f4f71334180a260dac301f6cd44d5455c21d75c606f764a79c7c,6dc7e3e68c6a199516b420c77734d4964a2b4c50039cf0d890623ff0aab73119
01_buck_diode,c02_low_input_full_load,buck_diode_rectified_unidirectional,executed,60e4ca80519b7d3eb5bd69f4d917371cb791e76f9096d50bcb11dda376b36950,2f935506c8e3f4f71334180a260dac301f6cd44d5455c21d75c606f764a79c7c,8ddb6ced20aaff086d6a58ff69ea5ada5b574e1ba6e7a1167d17990654581e91
01_buck_diode,c03_high_input_full_load,buck_diode_rectified_unidirectional,executed,dc6ed78ee206c7a81cc86159dd0b7ef2164ec5f1cad22321866356b87db1a027,2f935506c8e3f4f71334180a260dac301f6cd44d5455c21d75c606f764a79c7c,85852996f3a5597be537bd41122a6a90e6360684ca816a2362b6b24667d1239d
01_buck_diode,c04_nominal_light_load_20pct,buck_diode_rectified_unidirectional,executed,0af3e0b7c372811de0f4f3706579203d1ea506ba3fc6cb4bc414070f175fef46,2f935506c8e3f4f71334180a260dac301f6cd44d5455c21d75c606f764a79c7c,4e7b8656923c87b1f55ff4b4c0f2d7babde44a3a5efee01f181c99dee8a8c667
01_buck_diode,c05_nominal_high_ripple,buck_diode_rectified_unidirectional,executed,f57479707df2d425965f5da44cf6fc6aee7306cba69129427a8422898328c9b3,2f935506c8e3f4f71334180a260dac301f6cd44d5455c21d75c606f764a79c7c,6dc7e3e68c6a199516b420c77734d4964a2b4c50039cf0d890623ff0aab73119
02_buck_synchronous,c01_nominal_full_load,buck_synchronous_rectified_unidirectional,executed,273382b6edc737e2d4dd6021b6ecaf0714aa921848e453ded3ecd7977f6bef62,deff37272f19e0711634b57cedf8483a42daa7d47e7f48f7011bc0c5ff04e4d3,0d4dc20ab3f5aee3961d7b5d25c6b020abc9527f7ea6599de8a82f2d5bd653c6
02_buck_synchronous,c02_low_input_full_load,buck_synchronous_rectified_unidirectional,executed,c9fa56da8cb1f5213f5ae0fd88b0da3625fb1f422f7be9e8dadd0e59402c0003,deff37272f19e0711634b57cedf8483a42daa7d47e7f48f7011bc0c5ff04e4d3,c9c51bd63b87efd899d223d7fdb56c04ccb98eac424ce21e0cba410056bd8f87
02_buck_synchronous,c03_high_input_full_load,buck_synchronous_rectified_unidirectional,executed,60ce4d35df65d36b0532fb57e0dc4bb0006b60114b00fa9d6370f20f31355903,deff37272f19e0711634b57cedf8483a42daa7d47e7f48f7011bc0c5ff04e4d3,dc6fb1775a22b1dd0647bedd20f175f549ae2cca611e8239356b84bc0550c2ce
02_buck_synchronous,c04_nominal_light_load_20pct,buck_synchronous_rectified_unidirectional,executed,3190f6f23d0bf2326e9d1820ee0760a6000c5d3c04324b9c16dbdecf1f40ab09,deff37272f19e0711634b57cedf8483a42daa7d47e7f48f7011bc0c5ff04e4d3,40f58034b8733dc46847804c073e255a262c140b7c477d5108f1d87bf4cd6bc7
02_buck_synchronous,c05_nominal_high_ripple,buck_synchronous_rectified_unidirectional,executed,e5d4a59388af3f4774b1f4d4ccab9b93046dfa670a3d9431876c775499c86f7d,deff37272f19e0711634b57cedf8483a42daa7d47e7f48f7011bc0c5ff04e4d3,0d4dc20ab3f5aee3961d7b5d25c6b020abc9527f7ea6599de8a82f2d5bd653c6
03_boost_diode,c01_nominal_full_load,boost_diode_rectified_unidirectional,executed,914d329519989099708d6e8f5818106aba244661c6958f5e9af460a710c94ed2,538fd0c414df7060a56dffa218600b99d89a35b89d2d0192af587230478d80cc,eeacc6827114b7d77cfdc3df0c01456435efb70407bf49438ed0741d0027d062
03_boost_diode,c02_low_input_full_load,boost_diode_rectified_unidirectional,executed,5fe1c5d00a8219902dadfe2ef0bdcefe31193bf573b11d8edddbfcbb4d34d743,538fd0c414df7060a56dffa218600b99d89a35b89d2d0192af587230478d80cc,1a207387ef4f6a163c24fe44d76d7652492a46546ac50584f6c006301a5b44b5
03_boost_diode,c03_high_input_full_load,boost_diode_rectified_unidirectional,executed,bc646e7db8b7a0f46d49334292b8ac8d9f8f3c59a1c35815b85128966f54880d,538fd0c414df7060a56dffa218600b99d89a35b89d2d0192af587230478d80cc,848d4971d8b11e5b5803bbfd526c45b6ec465c7e2dbf043c975a8a1fba8700f0
03_boost_diode,c04_nominal_light_load_20pct,boost_diode_rectified_unidirectional,executed,b55093b8c4fa1f763f90cab96de472638085b9f670cc16b0b2e3fdaa31e68c83,538fd0c414df7060a56dffa218600b99d89a35b89d2d0192af587230478d80cc,0a87b378c4e2bba13b029ac07f7a5c52342fa8d5747ec1fcb895265ad5a1bd5b
03_boost_diode,c05_nominal_high_ripple,boost_diode_rectified_unidirectional,executed,f22cfc3103863fd154d28824f6abb6144a18a10f70a5bcb3684efe00557a6346,538fd0c414df7060a56dffa218600b99d89a35b89d2d0192af587230478d80cc,eeacc6827114b7d77cfdc3df0c01456435efb70407bf49438ed0741d0027d062
04_boost_synchronous,c01_nominal_full_load,boost_synchronous_rectified_unidirectional,executed,914d329519989099708d6e8f5818106aba244661c6958f5e9af460a710c94ed2,16b39b4dc9783bde9d3656e456cea5901ef8137fe37baf7afb6688b85ab114c8,eeacc6827114b7d77cfdc3df0c01456435efb70407bf49438ed0741d0027d062
04_boost_synchronous,c02_low_input_full_load,boost_synchronous_rectified_unidirectional,executed,5fe1c5d00a8219902dadfe2ef0bdcefe31193bf573b11d8edddbfcbb4d34d743,16b39b4dc9783bde9d3656e456cea5901ef8137fe37baf7afb6688b85ab114c8,1a207387ef4f6a163c24fe44d76d7652492a46546ac50584f6c006301a5b44b5
04_boost_synchronous,c03_high_input_full_load,boost_synchronous_rectified_unidirectional,executed,bc646e7db8b7a0f46d49334292b8ac8d9f8f3c59a1c35815b85128966f54880d,16b39b4dc9783bde9d3656e456cea5901ef8137fe37baf7afb6688b85ab114c8,848d4971d8b11e5b5803bbfd526c45b6ec465c7e2dbf043c975a8a1fba8700f0
04_boost_synchronous,c04_nominal_light_load_20pct,boost_synchronous_rectified_unidirectional,executed,b55093b8c4fa1f763f90cab96de472638085b9f670cc16b0b2e3fdaa31e68c83,16b39b4dc9783bde9d3656e456cea5901ef8137fe37baf7afb6688b85ab114c8,0a87b378c4e2bba13b029ac07f7a5c52342fa8d5747ec1fcb895265ad5a1bd5b
04_boost_synchronous,c05_nominal_high_ripple,boost_synchronous_rectified_unidirectional,executed,f22cfc3103863fd154d28824f6abb6144a18a10f70a5bcb3684efe00557a6346,16b39b4dc9783bde9d3656e456cea5901ef8137fe37baf7afb6688b85ab114c8,eeacc6827114b7d77cfdc3df0c01456435efb70407bf49438ed0741d0027d062
05_buck_boost_diode,c01_nominal_full_load,buck_boost_diode_rectified_unidirectional,executed,581bfac42a800221fb0df7617d84ff5068431a54bd2fe8737a4a83132eff2b91,cd36b71ab38222360efa0ce98a7fb993ec738c2711f924446be33b4350ef6954,7672a0a49e521d2dc7e501c8eae2efd57f9373616d27393080a039512ed6fd29
05_buck_boost_diode,c02_low_input_full_load,buck_boost_diode_rectified_unidirectional,executed,a4d6dbe1bad87f52eddd007cf20bfcc761576579a7c7fb1e628775a9a5c2a485,cd36b71ab38222360efa0ce98a7fb993ec738c2711f924446be33b4350ef6954,92863a52f56c8a8f092575b1b905379b7c3fc1d3f349838d532cd8400eabb601
05_buck_boost_diode,c03_high_input_full_load,buck_boost_diode_rectified_unidirectional,executed,6a8c8226c7b74d42d715bd4ff7038179a65a57c3e3120461cf6d516d569b01d5,cd36b71ab38222360efa0ce98a7fb993ec738c2711f924446be33b4350ef6954,5eccfcc81a71c9cb24cc35974d5414adf6595d7bc3e0ea8d17a22ff89194ae3b
05_buck_boost_diode,c04_nominal_light_load_20pct,buck_boost_diode_rectified_unidirectional,executed,afd6258038591d9cbca318ac9273c2cd67b96956858b38c18a86347af319f22c,cd36b71ab38222360efa0ce98a7fb993ec738c2711f924446be33b4350ef6954,de90853aabad8156285a5227f40b1bb16240b9daceb3f303faf908e996275fa2
05_buck_boost_diode,c05_nominal_high_ripple,buck_boost_diode_rectified_unidirectional,executed,e139666bd1bb77bbe4447d0ff8226301c702325456bb6e34dc6dcf3e84503422,cd36b71ab38222360efa0ce98a7fb993ec738c2711f924446be33b4350ef6954,7672a0a49e521d2dc7e501c8eae2efd57f9373616d27393080a039512ed6fd29
06_flyback_ccm,c01_nominal_full_load,flyback_diode_rectified_isolated,executed,9809fee8966974ffa9d39a577d2b301bb0dba153e684194663f87c23bfad0fd2,72e3a8d8c2615cabeeb9cd9cc617985dc87726fc83541ce5663c868a8c958665,eb2e9b74a3a6cd21b9c3c94f850f87687fc3c3381d6a062c597e5bdcc00b3ec4
06_flyback_ccm,c02_low_input_full_load,flyback_diode_rectified_isolated,executed,115349c681ace76d8f7581740c0e3609d03b1f59b2f4ee9e6ab9c8fe95ef0063,72e3a8d8c2615cabeeb9cd9cc617985dc87726fc83541ce5663c868a8c958665,30a3e4f4dffe8a911eb05d77c8c08af5ab143f9bbfb9935eaaa1f054984f5cd2
06_flyback_ccm,c03_high_input_full_load,flyback_diode_rectified_isolated,executed,a2b1546a0c9a875ea8da5efed5beb54fd8309a59b9b4879ac5903228bbab985c,72e3a8d8c2615cabeeb9cd9cc617985dc87726fc83541ce5663c868a8c958665,30aa483471a50400fbff8d9456a959c556bc9cf1a8f8d218b73413e59e13a3ab
06_flyback_ccm,c04_nominal_light_load_20pct,flyback_diode_rectified_isolated,executed,c4b36ba1e22aac63c45891babfce9532046032621070d4f11ecfd5687ee10c84,72e3a8d8c2615cabeeb9cd9cc617985dc87726fc83541ce5663c868a8c958665,0560e104dba949e1921308a8a8fab75178ddcc4d6d0d09ac0350ffdd4635b654
06_flyback_ccm,c05_nominal_high_ripple,flyback_diode_rectified_isolated,executed,9d07e0a375ff4395d75ee830294613a4f23c298141e1b79322290ed4f8621899,72e3a8d8c2615cabeeb9cd9cc617985dc87726fc83541ce5663c868a8c958665,eb2e9b74a3a6cd21b9c3c94f850f87687fc3c3381d6a062c597e5bdcc00b3ec4
07_psfb_diode,c01_nominal_full_load,phase_shifted_full_bridge_diode_rectifier_isolated,executed,3214b739bda7b71057429dbcd4835b28feab93d352bf3bf6a03110887eb2c912,3b8a9e9004ee311d464147bc5f985f36bc4bb2a0ae40c2da0b9e29ede303c09d,a78df813b5b8c5670e0dec84d148329252ebe31621a7498e34c6e2c5d0366278
07_psfb_diode,c02_low_input_full_load,phase_shifted_full_bridge_diode_rectifier_isolated,executed,0f29d368d9f229c7981c854ff4fa4bcb3f39cfee69e2c04404438e4bdeb60e90,3b8a9e9004ee311d464147bc5f985f36bc4bb2a0ae40c2da0b9e29ede303c09d,7cba7072fb8bc7855d733f5f1f48426beedc3ea56b0de24349a298d66b4eb0b2
07_psfb_diode,c03_high_input_full_load,phase_shifted_full_bridge_diode_rectifier_isolated,executed,0c41a91a31637eb9f796fea557dc6659d7ee6804245501af6757b7d361e7a339,3b8a9e9004ee311d464147bc5f985f36bc4bb2a0ae40c2da0b9e29ede303c09d,858bcbc7534a6b35bb94aebbb682d118e2126ace32d5b154f38317bb12a135c1
07_psfb_diode,c04_nominal_light_load_20pct,phase_shifted_full_bridge_diode_rectifier_isolated,executed,8d71a5bca7be5d5263346dff9fd771075c93939f8e659b3d7a85c3229bef94c0,3b8a9e9004ee311d464147bc5f985f36bc4bb2a0ae40c2da0b9e29ede303c09d,fd2b902c2d4e20b32de51ba13cda1fdf37ef503336384d85e79dd4dd2e8f8264
07_psfb_diode,c05_nominal_very_light_load_10pct,phase_shifted_full_bridge_diode_rectifier_isolated,executed,165416528ee3380d50625104a681d8c265fafb12423578a5c2c4b167e33c315e,3b8a9e9004ee311d464147bc5f985f36bc4bb2a0ae40c2da0b9e29ede303c09d,0574b365107cba796d3276bfc896b77aacba7ce21058e1344acd2ae2b46853ad
07_psfb_diode,c06_nominal_high_frequency,phase_shifted_full_bridge_diode_rectifier_isolated,executed,b16ab5dc7c4c3216e2cc1646e4d53b0bf8f799e2ffed0be6189b8c526e8d8a92,3b8a9e9004ee311d464147bc5f985f36bc4bb2a0ae40c2da0b9e29ede303c09d,84291a845a7333652361f3e6e49f3548a6418ba543f17d58aadb87e0adba3582
07_psfb_diode,c07_nominal_high_ripple,phase_shifted_full_bridge_diode_rectifier_isolated,executed,8d84fd24bff6a7c33f1b60ebc076206f8e9e95e2c61bab39f261366bd8a88cd8,3b8a9e9004ee311d464147bc5f985f36bc4bb2a0ae40c2da0b9e29ede303c09d,0e9a799347554f91dcfa9d4f8449c641f351f517ac7f2b13dc263e1632cdff0a
08_llc_full_bridge_diode,c01_nominal_full_load,llc_resonant_converter_diode_rectifier,executed,753fcef24feefdb45a19c6493bca776d5925da9a0d963c87f5cc85a6249ff2fd,a5efb0c786011cd0630ba6274bb780b439bbdd2a4d29afc10dabc8f4c5fcd09c,4b6176d080e5a9db2fc134fd52ec213ce4d97b01bcee06dbfeaba3dde3a33ae0
08_llc_full_bridge_diode,c02_low_input_full_load,llc_resonant_converter_diode_rectifier,executed,b65ac69a23ab4f84f5acbf9382e5e18c9d2492c5e4016e1ee76941ae4defd2ac,a5efb0c786011cd0630ba6274bb780b439bbdd2a4d29afc10dabc8f4c5fcd09c,6d88c54cd33e119cfc59d522527e2aaaac2763c2983bcf8f2688c7c69788a184
08_llc_full_bridge_diode,c03_high_input_full_load,llc_resonant_converter_diode_rectifier,executed,99e11976d6d3582c57212c81577084ed7c1a291dde68c9dc089ac123134efd57,a5efb0c786011cd0630ba6274bb780b439bbdd2a4d29afc10dabc8f4c5fcd09c,a3be9be29507f09fcccdf2998c98c7974ff8d0890d305c1538998decdb7162ea
08_llc_full_bridge_diode,c04_nominal_light_load_20pct,llc_resonant_converter_diode_rectifier,executed,d05374d1e514db325a755e779dbbc9a189fc39345c53fc73faffbfdbeac324ea,a5efb0c786011cd0630ba6274bb780b439bbdd2a4d29afc10dabc8f4c5fcd09c,83ea84f9c840d5531327c8808a3f3a2fc9b86a3b54def09c7635d990beff5ed3
08_llc_full_bridge_diode,c05_nominal_very_light_load_10pct,llc_resonant_converter_diode_rectifier,executed,6510c2b9af340e3874f9f6d590b67b9a34fcfe49fe29c98b7da65a414189b4e1,a5efb0c786011cd0630ba6274bb780b439bbdd2a4d29afc10dabc8f4c5fcd09c,65e83b6c06233703bf2350a39893b8a31a419b123e255029081ad762499a0d41
08_llc_full_bridge_diode,c06_nominal_high_frequency,llc_resonant_converter_diode_rectifier,executed,d44896512e0064cbc4c8585b4b8f88fce9d305f3f1dc22934db7e90d96acafa6,a5efb0c786011cd0630ba6274bb780b439bbdd2a4d29afc10dabc8f4c5fcd09c,a896e53429b7597ad412241c780b1a7feaa2d5dd4de52a4bf41fb1279b416335
08_llc_full_bridge_diode,c07_nominal_relaxed_ripple,llc_resonant_converter_diode_rectifier,executed,99c48f0a41a12991f3c54717839c94c6ef6c2e7e6e6fffe244d3eda67119f628,a5efb0c786011cd0630ba6274bb780b439bbdd2a4d29afc10dabc8f4c5fcd09c,4b6176d080e5a9db2fc134fd52ec213ce4d97b01bcee06dbfeaba3dde3a33ae0
09_llc_half_bridge_diode,c01_nominal_full_load,llc_resonant_converter_diode_rectifier,executed,753fcef24feefdb45a19c6493bca776d5925da9a0d963c87f5cc85a6249ff2fd,14f658dd70d97e4b5239af39bc1d99b490a690e48f9e0616067cdfede7485976,1c367cff585107b9900d014d4bb8b85dabcc95f3141a9887f504c407f2490c76
09_llc_half_bridge_diode,c02_low_input_full_load,llc_resonant_converter_diode_rectifier,executed,b65ac69a23ab4f84f5acbf9382e5e18c9d2492c5e4016e1ee76941ae4defd2ac,14f658dd70d97e4b5239af39bc1d99b490a690e48f9e0616067cdfede7485976,470a5dbb912194068387440408c009eb84c1bcf38ba88e1a3075f0d0876d46de
09_llc_half_bridge_diode,c03_high_input_full_load,llc_resonant_converter_diode_rectifier,executed,99e11976d6d3582c57212c81577084ed7c1a291dde68c9dc089ac123134efd57,14f658dd70d97e4b5239af39bc1d99b490a690e48f9e0616067cdfede7485976,e3cd3f8a6f68573a0ae68292423b4d92afd97f5582107d8bba9e30e05786d56c
09_llc_half_bridge_diode,c04_nominal_light_load_20pct,llc_resonant_converter_diode_rectifier,executed,d05374d1e514db325a755e779dbbc9a189fc39345c53fc73faffbfdbeac324ea,14f658dd70d97e4b5239af39bc1d99b490a690e48f9e0616067cdfede7485976,6d85af1b7a5550b39f3b92002cfd2975431128c7e8add6b5fc1fa5b98c14f1bb
09_llc_half_bridge_diode,c05_nominal_very_light_load_10pct,llc_resonant_converter_diode_rectifier,executed,6510c2b9af340e3874f9f6d590b67b9a34fcfe49fe29c98b7da65a414189b4e1,14f658dd70d97e4b5239af39bc1d99b490a690e48f9e0616067cdfede7485976,ff9befa3f3d557aecc3ca6463491430c914e527e6148f92be67afbeb9d9e360b
09_llc_half_bridge_diode,c06_nominal_high_frequency,llc_resonant_converter_diode_rectifier,executed,d44896512e0064cbc4c8585b4b8f88fce9d305f3f1dc22934db7e90d96acafa6,14f658dd70d97e4b5239af39bc1d99b490a690e48f9e0616067cdfede7485976,2976f235bb8f8b3aba1d3293b2700e11efabb291c5b4f408e588b8c921b3036f
09_llc_half_bridge_diode,c07_nominal_relaxed_ripple,llc_resonant_converter_diode_rectifier,executed,99c48f0a41a12991f3c54717839c94c6ef6c2e7e6e6fffe244d3eda67119f628,14f658dd70d97e4b5239af39bc1d99b490a690e48f9e0616067cdfede7485976,1c367cff585107b9900d014d4bb8b85dabcc95f3141a9887f504c407f2490c76
10_single_phase_capacitor_rectifier,c01_nominal_full_load,single_phase_diode_bridge_rectifier_capacitor_filter,executed,205ee6eea910f4e850a84144468eb4b10383cd758441ec6107e1f7961de0d73b,d2694eb294383967719dd60369a0b530025d28e6ca12d802b24b8922defbdf4c,e76564aaf07b77ebd6e912c9e50a3b6ac73b1f438809e2eda7572bd363c2711c
10_single_phase_capacitor_rectifier,c02_low_input_full_load,single_phase_diode_bridge_rectifier_capacitor_filter,executed,9d67b9de87a68434ae8d5135c6e2aa288f83bf2113e55db86ec56c26f3954920,d2694eb294383967719dd60369a0b530025d28e6ca12d802b24b8922defbdf4c,e76564aaf07b77ebd6e912c9e50a3b6ac73b1f438809e2eda7572bd363c2711c
10_single_phase_capacitor_rectifier,c03_high_input_full_load,single_phase_diode_bridge_rectifier_capacitor_filter,executed,457ec2f11b037fe432af3dd0491d1d1a3b94637cc443723adf65ab4d46122aae,d2694eb294383967719dd60369a0b530025d28e6ca12d802b24b8922defbdf4c,e76564aaf07b77ebd6e912c9e50a3b6ac73b1f438809e2eda7572bd363c2711c
10_single_phase_capacitor_rectifier,c04_nominal_light_load_20pct,single_phase_diode_bridge_rectifier_capacitor_filter,executed,d281963845e8be6b30540db7a7e6ffc6518b446e6a30fdec493924ee242330ad,d2694eb294383967719dd60369a0b530025d28e6ca12d802b24b8922defbdf4c,f70c0199c49024227189d805df38ff931d374df1aacfef5d8bd2e359b9346785
10_single_phase_capacitor_rectifier,c05_nominal_high_ripple,single_phase_diode_bridge_rectifier_capacitor_filter,executed,b31c134b5bf6fafcda9c7c5fbfa8d34ba789f53f847465f47efbb51469e3a576,d2694eb294383967719dd60369a0b530025d28e6ca12d802b24b8922defbdf4c,e76564aaf07b77ebd6e912c9e50a3b6ac73b1f438809e2eda7572bd363c2711c
11_single_phase_dc_inductor_rectifier,c01_nominal_full_load,single_phase_diode_bridge_rectifier_dc_inductor_filter,executed,356247a0203f0d289308043de38f0d9e697b1c9d01b291e158aa1c9e08953e45,da1276bc7464b620734c75d78ee992538d5b17d782c293c41a7db1eca1f9f38a,6eb3df7b9fff1f34159c2fbcbd3801dbc2ddac7185aaae4a980f859918168c84
11_single_phase_dc_inductor_rectifier,c02_low_input_full_load,single_phase_diode_bridge_rectifier_dc_inductor_filter,executed,656856f1a17f430bcbed3d3d1336c0478e74ca09836e070324d0322de055c3a7,da1276bc7464b620734c75d78ee992538d5b17d782c293c41a7db1eca1f9f38a,6eb3df7b9fff1f34159c2fbcbd3801dbc2ddac7185aaae4a980f859918168c84
11_single_phase_dc_inductor_rectifier,c03_high_input_full_load,single_phase_diode_bridge_rectifier_dc_inductor_filter,executed,32680381f31103d890e66020f122dd117e829924757bbb477a4254fdcfda9e80,da1276bc7464b620734c75d78ee992538d5b17d782c293c41a7db1eca1f9f38a,6eb3df7b9fff1f34159c2fbcbd3801dbc2ddac7185aaae4a980f859918168c84
11_single_phase_dc_inductor_rectifier,c04_nominal_light_load_20pct,single_phase_diode_bridge_rectifier_dc_inductor_filter,executed,77db6d8b50709547a14eebfb9a0e892f70b96c4274ec779134351d11f970b6da,da1276bc7464b620734c75d78ee992538d5b17d782c293c41a7db1eca1f9f38a,812e343710b4b593dda67d8466b2cf270c2688395bf67860a69eec541976512e
11_single_phase_dc_inductor_rectifier,c05_nominal_high_ripple,single_phase_diode_bridge_rectifier_dc_inductor_filter,executed,4b296d4f3eede194be168d606abf81e92e1ca24cfbf070d42b55f7e6ccd8bd6d,da1276bc7464b620734c75d78ee992538d5b17d782c293c41a7db1eca1f9f38a,6eb3df7b9fff1f34159c2fbcbd3801dbc2ddac7185aaae4a980f859918168c84
12_three_phase_capacitor_rectifier,c01_nominal_full_load,three_phase_diode_bridge_rectifier_capacitor_filter,executed,9a3f59b0e7d14583e832ee2649c224c16ee6b5f5ea1ed35d6ba4a35525274dca,c1d9faf51ba029d85e5f40c45b199e25a580d0363b6e15a1296ee725e6dfa5ef,6b25b4624e7820a0cffb0c859b1050abaec679bbce86b2a940172f89a31d917e
12_three_phase_capacitor_rectifier,c02_low_input_full_load,three_phase_diode_bridge_rectifier_capacitor_filter,executed,00debcabfd04c128fc0e8878ec4b05c074142e353d5840e61f39f8b8ecb12375,c1d9faf51ba029d85e5f40c45b199e25a580d0363b6e15a1296ee725e6dfa5ef,6b25b4624e7820a0cffb0c859b1050abaec679bbce86b2a940172f89a31d917e
12_three_phase_capacitor_rectifier,c03_high_input_full_load,three_phase_diode_bridge_rectifier_capacitor_filter,executed,af3edf94c65f9b59375ae331c7b109fa016b1fd10868ccb6543f6d53cbddcfb1,c1d9faf51ba029d85e5f40c45b199e25a580d0363b6e15a1296ee725e6dfa5ef,6b25b4624e7820a0cffb0c859b1050abaec679bbce86b2a940172f89a31d917e
12_three_phase_capacitor_rectifier,c04_nominal_light_load_20pct,three_phase_diode_bridge_rectifier_capacitor_filter,executed,28a20d7422ec503c3fe404cb58a0a4da6160d4e01b43ba599bee39575427f791,c1d9faf51ba029d85e5f40c45b199e25a580d0363b6e15a1296ee725e6dfa5ef,fb526287c391d4ff118c04db101d725c8e29eba89977000c982dcefb7eed8701
12_three_phase_capacitor_rectifier,c05_nominal_high_ripple,three_phase_diode_bridge_rectifier_capacitor_filter,executed,cece3e176192347e66faf3f392a40fa43d7ba491bb1d23e99619593ac0e693b9,c1d9faf51ba029d85e5f40c45b199e25a580d0363b6e15a1296ee725e6dfa5ef,6b25b4624e7820a0cffb0c859b1050abaec679bbce86b2a940172f89a31d917e
13_diode_bridge_boost_pfc,c01_nominal_full_load_50hz,single_phase_boost_pfc_diode_bridge,executed,6eb0911e09c50f7dab3d04e9d7d523d71d9a1994158372636ce3be450c876fdf,98fc7e941e3a62a9319a4e1130ada568636fe6723f52befac48cc5f18d4717a6,00bfea29d0a91fa38037685572405ff40f8d8ac4e0cea1a341fb2ebcefada60b
13_diode_bridge_boost_pfc,c02_low_input_full_load_50hz,single_phase_boost_pfc_diode_bridge,executed,c6a89b9672d3b820dcb53329f8a63091e91958de7101237bad61dbbe91b1e753,98fc7e941e3a62a9319a4e1130ada568636fe6723f52befac48cc5f18d4717a6,00bfea29d0a91fa38037685572405ff40f8d8ac4e0cea1a341fb2ebcefada60b
13_diode_bridge_boost_pfc,c03_high_input_full_load_50hz,single_phase_boost_pfc_diode_bridge,executed,59019d47582c11a010616584651b8a1b61efe075f3dd8de38b9d2e8a12f43e05,98fc7e941e3a62a9319a4e1130ada568636fe6723f52befac48cc5f18d4717a6,00bfea29d0a91fa38037685572405ff40f8d8ac4e0cea1a341fb2ebcefada60b
13_diode_bridge_boost_pfc,c04_nominal_light_load_20pct_50hz,single_phase_boost_pfc_diode_bridge,executed,3ea1f4df21226882a3711d050b8e4ba22f4951c0510474469537c20427281220,98fc7e941e3a62a9319a4e1130ada568636fe6723f52befac48cc5f18d4717a6,7424e4d238166cddb22bf7c4b685695f9a53049cbaffb490160a5311226ff228
13_diode_bridge_boost_pfc,c05_nominal_very_light_load_10pct_50hz,single_phase_boost_pfc_diode_bridge,executed,b68ca7443ce6a9b573e2f5727447b18b03fa8b27e383f18ab971d48aa62c33a7,98fc7e941e3a62a9319a4e1130ada568636fe6723f52befac48cc5f18d4717a6,4175325f3fe457786b4c25e473d0b1c1b0c276d71729203af050b2b9014e4876
13_diode_bridge_boost_pfc,c06_nominal_high_frequency_50hz,single_phase_boost_pfc_diode_bridge,executed,4507804b3e0f12ceaad35491df0ac678236403b77d6a64639e86be7d0491e032,98fc7e941e3a62a9319a4e1130ada568636fe6723f52befac48cc5f18d4717a6,00bfea29d0a91fa38037685572405ff40f8d8ac4e0cea1a341fb2ebcefada60b
13_diode_bridge_boost_pfc,c07_nominal_high_ripple,single_phase_boost_pfc_diode_bridge,executed,8e2145a354c7eedea2afcc972ac9396c4bb19e11ca40efd13a19baf8359fa953,98fc7e941e3a62a9319a4e1130ada568636fe6723f52befac48cc5f18d4717a6,00bfea29d0a91fa38037685572405ff40f8d8ac4e0cea1a341fb2ebcefada60b
14_totem_pole_pfc,c01_nominal_full_load_50hz,single_phase_totem_pole_bridgeless_pfc,executed,6eb0911e09c50f7dab3d04e9d7d523d71d9a1994158372636ce3be450c876fdf,96702868e1e192389200a324060a572637e28d545e0c29dd698e038476ac03fc,222a65b6b2bf118def0ffb1ab346c8a8751e16cfaa12d0805adb62aa0af5b165
14_totem_pole_pfc,c02_low_input_full_load_50hz,single_phase_totem_pole_bridgeless_pfc,executed,c6a89b9672d3b820dcb53329f8a63091e91958de7101237bad61dbbe91b1e753,96702868e1e192389200a324060a572637e28d545e0c29dd698e038476ac03fc,222a65b6b2bf118def0ffb1ab346c8a8751e16cfaa12d0805adb62aa0af5b165
14_totem_pole_pfc,c03_high_input_full_load_50hz,single_phase_totem_pole_bridgeless_pfc,executed,59019d47582c11a010616584651b8a1b61efe075f3dd8de38b9d2e8a12f43e05,96702868e1e192389200a324060a572637e28d545e0c29dd698e038476ac03fc,222a65b6b2bf118def0ffb1ab346c8a8751e16cfaa12d0805adb62aa0af5b165
14_totem_pole_pfc,c04_nominal_light_load_20pct_50hz,single_phase_totem_pole_bridgeless_pfc,executed,3ea1f4df21226882a3711d050b8e4ba22f4951c0510474469537c20427281220,96702868e1e192389200a324060a572637e28d545e0c29dd698e038476ac03fc,13781b2abdcdbbaa90cbabf8fd67fa2cf01d3c4ff1ab03af26f55ae16d4ab2b2
14_totem_pole_pfc,c05_nominal_very_light_load_10pct_50hz,single_phase_totem_pole_bridgeless_pfc,executed,b68ca7443ce6a9b573e2f5727447b18b03fa8b27e383f18ab971d48aa62c33a7,96702868e1e192389200a324060a572637e28d545e0c29dd698e038476ac03fc,11e5cd5d03c1a9ce4f71aa71a93158b04226c90071c30e2d44f53f879223e401
14_totem_pole_pfc,c06_nominal_high_frequency_50hz,single_phase_totem_pole_bridgeless_pfc,executed,4507804b3e0f12ceaad35491df0ac678236403b77d6a64639e86be7d0491e032,96702868e1e192389200a324060a572637e28d545e0c29dd698e038476ac03fc,222a65b6b2bf118def0ffb1ab346c8a8751e16cfaa12d0805adb62aa0af5b165
14_totem_pole_pfc,c07_nominal_full_load_60hz,single_phase_totem_pole_bridgeless_pfc,executed,0f1f7f773917d09da97970b16d8515cc928ad52ed242c0d1c3eede91a59c8f8f,96702868e1e192389200a324060a572637e28d545e0c29dd698e038476ac03fc,222a65b6b2bf118def0ffb1ab346c8a8751e16cfaa12d0805adb62aa0af5b165
14_totem_pole_pfc,c08_nominal_high_frequency_60hz,single_phase_totem_pole_bridgeless_pfc,executed,fbfeae4344ac3d7918d35083343c20c866d8ac4ddb879077a4168741755c7648,96702868e1e192389200a324060a572637e28d545e0c29dd698e038476ac03fc,222a65b6b2bf118def0ffb1ab346c8a8751e16cfaa12d0805adb62aa0af5b165
14_totem_pole_pfc,c09_nominal_high_ripple,single_phase_totem_pole_bridgeless_pfc,executed,99bb3afe28e0dee698dc4e3c3178f6fd327456d0dd6f6939909e6c87af92f783,96702868e1e192389200a324060a572637e28d545e0c29dd698e038476ac03fc,222a65b6b2bf118def0ffb1ab346c8a8751e16cfaa12d0805adb62aa0af5b165
15_single_phase_full_bridge_inverter,c01_nominal_dc_full_load_50hz,single_phase_full_bridge_inverter,executed,53e7118e848cc71ba02e5b8a3e973d31bf21b859327ed219672359c346fe6b26,e863c28ca65b51745069882714f9bf605cfd85f92ad48deeb118a45dc43c1533,3dc49178c45eb688cbfcc22e848fffe3121150b275ea74bffe747e1b44e81c7a
15_single_phase_full_bridge_inverter,c02_low_dc_full_load_50hz,single_phase_full_bridge_inverter,executed,946175e5b817c8d572ad777b24244eb96cb34c1f6a6bc80bf0442b306569a3f2,e863c28ca65b51745069882714f9bf605cfd85f92ad48deeb118a45dc43c1533,3dc49178c45eb688cbfcc22e848fffe3121150b275ea74bffe747e1b44e81c7a
15_single_phase_full_bridge_inverter,c03_high_dc_full_load_50hz,single_phase_full_bridge_inverter,executed,63d548f8691825b20f9d3eb71a9d9759b9cced6e5acbb15866df8176f13e8355,e863c28ca65b51745069882714f9bf605cfd85f92ad48deeb118a45dc43c1533,3dc49178c45eb688cbfcc22e848fffe3121150b275ea74bffe747e1b44e81c7a
15_single_phase_full_bridge_inverter,c04_nominal_dc_light_load_20pct,single_phase_full_bridge_inverter,executed,ce15dc99b9908992a6c7905ce8509c76d85f0b84a06d204474684694da656e3f,e863c28ca65b51745069882714f9bf605cfd85f92ad48deeb118a45dc43c1533,6b3b1294759b583ec06464b844d1e0ca6d2de100e933d61b3cc9c054196a91ab
15_single_phase_full_bridge_inverter,c05_nominal_dc_full_load_60hz,single_phase_full_bridge_inverter,executed,02205798835d3f44cb5e1b76978a919cd858ea6555e03858355b9626f2b2637a,e863c28ca65b51745069882714f9bf605cfd85f92ad48deeb118a45dc43c1533,3dc49178c45eb688cbfcc22e848fffe3121150b275ea74bffe747e1b44e81c7a
15_single_phase_full_bridge_inverter,c06_nominal_high_carrier_frequency,single_phase_full_bridge_inverter,executed,0440efc1703d45866f03ff0ed4d79f9bf9ad145bc6e53357ee0298f25cee06e4,e863c28ca65b51745069882714f9bf605cfd85f92ad48deeb118a45dc43c1533,3dc49178c45eb688cbfcc22e848fffe3121150b275ea74bffe747e1b44e81c7a
15_single_phase_full_bridge_inverter,c07_nominal_pf_0p8,single_phase_full_bridge_inverter,executed,2a14cfdcfca9555c0c031f8508ff53c8635b26fa29708761631d0f20cbc09801,e863c28ca65b51745069882714f9bf605cfd85f92ad48deeb118a45dc43c1533,87cb6d79ecaf9cdb03233ccb1d5fc18bcd1ab0f891fe309d290d06f7e3fdfd61
16_three_phase_two_level_vsi,c01_nominal_dc_full_load_50hz,three_phase_two_level_voltage_source_inverter,executed,0ec027ed03f007d95ed11c69432726f879fbcbd2be2f821c36ebbbabf0c44c78,81acddf23353bc89c84517911bbe10cad2068067c185eaa67b22eebbf8ecb477,bb78a3bef6d7047586cdaba0ece21de2b3fc63e955eb3d5c6d2686f90f0c1b28
16_three_phase_two_level_vsi,c02_low_dc_full_load_50hz,three_phase_two_level_voltage_source_inverter,executed,832681f3a3fadadaf85281be970056f147adc9f17d00c02cfc5d3392cfd8c081,81acddf23353bc89c84517911bbe10cad2068067c185eaa67b22eebbf8ecb477,bb78a3bef6d7047586cdaba0ece21de2b3fc63e955eb3d5c6d2686f90f0c1b28
16_three_phase_two_level_vsi,c03_high_dc_full_load_50hz,three_phase_two_level_voltage_source_inverter,executed,a31cfd8fd8a6bd4bc3ee0729e711f46bc7416e3fcde2110e10ef540600e307c8,81acddf23353bc89c84517911bbe10cad2068067c185eaa67b22eebbf8ecb477,bb78a3bef6d7047586cdaba0ece21de2b3fc63e955eb3d5c6d2686f90f0c1b28
16_three_phase_two_level_vsi,c04_nominal_dc_light_load_20pct,three_phase_two_level_voltage_source_inverter,executed,c983d30f87b4fefb43717621fa808c024dc39800d519fbcf5c5443d3eecb525a,81acddf23353bc89c84517911bbe10cad2068067c185eaa67b22eebbf8ecb477,2991e3bc51a8b7decb3d2e6bbd1809802a679f6f3ff2e427a800fbc17411e3d0
16_three_phase_two_level_vsi,c05_nominal_dc_full_load_60hz,three_phase_two_level_voltage_source_inverter,executed,72dc81527a5108ba01ca1593c6e84fa8a7e56c5e71a5525497e156321b80e2b8,81acddf23353bc89c84517911bbe10cad2068067c185eaa67b22eebbf8ecb477,bb78a3bef6d7047586cdaba0ece21de2b3fc63e955eb3d5c6d2686f90f0c1b28
16_three_phase_two_level_vsi,c06_nominal_high_carrier_frequency,three_phase_two_level_voltage_source_inverter,executed,c40e348a612f40d95bf67c9089fbbd35dd58a30e94d86ca86ed3c9307ea4dbea,81acddf23353bc89c84517911bbe10cad2068067c185eaa67b22eebbf8ecb477,bb78a3bef6d7047586cdaba0ece21de2b3fc63e955eb3d5c6d2686f90f0c1b28
16_three_phase_two_level_vsi,c07_nominal_pf_0p8,three_phase_two_level_voltage_source_inverter,executed,1086f6cc71c8d81a7d5ba598fb80b0bfb6edc2bfdaf267213ad637dc5d04446c,81acddf23353bc89c84517911bbe10cad2068067c185eaa67b22eebbf8ecb477,c6cedac1cef5b07750fc31705a8e8c82dc10817220572a60cdf35cf7ce38d7f9
17_three_phase_three_level_npc,c01_nominal_dc_full_load_50hz,three_phase_three_level_npc_inverter,executed,0ec027ed03f007d95ed11c69432726f879fbcbd2be2f821c36ebbbabf0c44c78,9cde4818b40a50838055a2842c36fe8e533ddbab10bbf71df220f0c2932632ee,bbd6ee6d6f40f0614c56db9bf4d2586bb05338c46fa9b292e14a013dd81e50c1
17_three_phase_three_level_npc,c02_low_dc_full_load_50hz,three_phase_three_level_npc_inverter,executed,311cc3342eebc8da9279a1161f1ebc518c9fbbbc917fe77c29e115b60607cf92,9cde4818b40a50838055a2842c36fe8e533ddbab10bbf71df220f0c2932632ee,bbd6ee6d6f40f0614c56db9bf4d2586bb05338c46fa9b292e14a013dd81e50c1
17_three_phase_three_level_npc,c03_high_dc_full_load_50hz,three_phase_three_level_npc_inverter,executed,0031729d12a957689c276f91e0a26c8e8efaf06feb5df1ba3eac8dd3a99974f3,9cde4818b40a50838055a2842c36fe8e533ddbab10bbf71df220f0c2932632ee,bbd6ee6d6f40f0614c56db9bf4d2586bb05338c46fa9b292e14a013dd81e50c1
17_three_phase_three_level_npc,c04_nominal_dc_light_load_20pct,three_phase_three_level_npc_inverter,executed,c983d30f87b4fefb43717621fa808c024dc39800d519fbcf5c5443d3eecb525a,9cde4818b40a50838055a2842c36fe8e533ddbab10bbf71df220f0c2932632ee,463b284488cb59fa67727eb7d1895542224feba3875e83cc14bc085c763c9076
17_three_phase_three_level_npc,c05_nominal_dc_full_load_60hz,three_phase_three_level_npc_inverter,executed,72dc81527a5108ba01ca1593c6e84fa8a7e56c5e71a5525497e156321b80e2b8,9cde4818b40a50838055a2842c36fe8e533ddbab10bbf71df220f0c2932632ee,bbd6ee6d6f40f0614c56db9bf4d2586bb05338c46fa9b292e14a013dd81e50c1
17_three_phase_three_level_npc,c06_nominal_high_carrier_frequency,three_phase_three_level_npc_inverter,executed,c40e348a612f40d95bf67c9089fbbd35dd58a30e94d86ca86ed3c9307ea4dbea,9cde4818b40a50838055a2842c36fe8e533ddbab10bbf71df220f0c2932632ee,bbd6ee6d6f40f0614c56db9bf4d2586bb05338c46fa9b292e14a013dd81e50c1
17_three_phase_three_level_npc,c07_nominal_pf_0p8,three_phase_three_level_npc_inverter,executed,1086f6cc71c8d81a7d5ba598fb80b0bfb6edc2bfdaf267213ad637dc5d04446c,9cde4818b40a50838055a2842c36fe8e533ddbab10bbf71df220f0c2932632ee,4acc778511e62a96f23130be2beeeee23deff0e6a73888d65860a1e7938af9c0
