scope,matrix_id,topology_id,source_module,target_module,source_status,target_status,mapping_status
topology,01_buck_diode,buck_diode_rectified_unidirectional,src\pe_claw_gui\topologies\dc_dc\buck_diode_rectified_unidirectional\__init__.py,src\pe_claw_gui\topologies\dc_dc\buck_diode_rectified_unidirectional\__init__.py,present,present,path_present
topology,01_buck_diode,buck_diode_rectified_unidirectional,src\pe_claw_gui\topologies\dc_dc\buck_diode_rectified_unidirectional\input_schema.py,src\pe_claw_gui\topologies\dc_dc\buck_diode_rectified_unidirectional\input_schema.py,present,present,path_present
topology,01_buck_diode,buck_diode_rectified_unidirectional,src\pe_claw_gui\topologies\dc_dc\buck_diode_rectified_unidirectional\synthesizer.py,src\pe_claw_gui\topologies\dc_dc\buck_diode_rectified_unidirectional\synthesizer.py,present,present,path_present
topology,01_buck_diode,buck_diode_rectified_unidirectional,src\pe_claw_gui\topologies\dc_dc\buck_diode_rectified_unidirectional\evaluator.py,src\pe_claw_gui\topologies\dc_dc\buck_diode_rectified_unidirectional\evaluator.py,present,present,path_present
topology,01_buck_diode,buck_diode_rectified_unidirectional,src\pe_claw_gui\topologies\dc_dc\buck_diode_rectified_unidirectional\waveform.py,src\pe_claw_gui\topologies\dc_dc\buck_diode_rectified_unidirectional\waveform.py,present,present,path_present
topology,01_buck_diode,buck_diode_rectified_unidirectional,src\pe_claw_gui\topologies\dc_dc\buck_diode_rectified_unidirectional\stress.py,src\pe_claw_gui\topologies\dc_dc\buck_diode_rectified_unidirectional\stress.py,present,present,path_present
topology,02_buck_synchronous,buck_synchronous_rectified_unidirectional,src\pe_claw_gui\topologies\dc_dc\buck_synchronous_rectified_unidirectional\__init__.py,src\pe_claw_gui\topologies\dc_dc\buck_synchronous_rectified_unidirectional\__init__.py,present,present,path_present
topology,02_buck_synchronous,buck_synchronous_rectified_unidirectional,src\pe_claw_gui\topologies\dc_dc\buck_synchronous_rectified_unidirectional\input_schema.py,src\pe_claw_gui\topologies\dc_dc\buck_synchronous_rectified_unidirectional\input_schema.py,present,present,path_present
topology,02_buck_synchronous,buck_synchronous_rectified_unidirectional,src\pe_claw_gui\topologies\dc_dc\buck_synchronous_rectified_unidirectional\synthesizer.py,src\pe_claw_gui\topologies\dc_dc\buck_synchronous_rectified_unidirectional\synthesizer.py,present,present,path_present
topology,02_buck_synchronous,buck_synchronous_rectified_unidirectional,src\pe_claw_gui\topologies\dc_dc\buck_synchronous_rectified_unidirectional\evaluator.py,src\pe_claw_gui\topologies\dc_dc\buck_synchronous_rectified_unidirectional\evaluator.py,present,present,path_present
topology,02_buck_synchronous,buck_synchronous_rectified_unidirectional,src\pe_claw_gui\topologies\dc_dc\buck_synchronous_rectified_unidirectional\waveform.py,src\pe_claw_gui\topologies\dc_dc\buck_synchronous_rectified_unidirectional\waveform.py,present,present,path_present
topology,02_buck_synchronous,buck_synchronous_rectified_unidirectional,src\pe_claw_gui\topologies\dc_dc\buck_synchronous_rectified_unidirectional\stress.py,src\pe_claw_gui\topologies\dc_dc\buck_synchronous_rectified_unidirectional\stress.py,present,present,path_present
topology,03_boost_diode,boost_diode_rectified_unidirectional,src\pe_claw_gui\topologies\dc_dc\boost_diode_rectified_unidirectional\__init__.py,src\pe_claw_gui\topologies\dc_dc\boost_diode_rectified_unidirectional\__init__.py,present,present,path_present
topology,03_boost_diode,boost_diode_rectified_unidirectional,src\pe_claw_gui\topologies\dc_dc\boost_diode_rectified_unidirectional\input_schema.py,src\pe_claw_gui\topologies\dc_dc\boost_diode_rectified_unidirectional\input_schema.py,present,present,path_present
topology,03_boost_diode,boost_diode_rectified_unidirectional,src\pe_claw_gui\topologies\dc_dc\boost_diode_rectified_unidirectional\synthesizer.py,src\pe_claw_gui\topologies\dc_dc\boost_diode_rectified_unidirectional\synthesizer.py,present,present,path_present
topology,03_boost_diode,boost_diode_rectified_unidirectional,src\pe_claw_gui\topologies\dc_dc\boost_diode_rectified_unidirectional\evaluator.py,src\pe_claw_gui\topologies\dc_dc\boost_diode_rectified_unidirectional\evaluator.py,present,present,path_present
topology,03_boost_diode,boost_diode_rectified_unidirectional,src\pe_claw_gui\topologies\dc_dc\boost_diode_rectified_unidirectional\waveform.py,src\pe_claw_gui\topologies\dc_dc\boost_diode_rectified_unidirectional\waveform.py,present,present,path_present
topology,03_boost_diode,boost_diode_rectified_unidirectional,src\pe_claw_gui\topologies\dc_dc\boost_diode_rectified_unidirectional\stress.py,src\pe_claw_gui\topologies\dc_dc\boost_diode_rectified_unidirectional\stress.py,present,present,path_present
topology,04_boost_synchronous,boost_synchronous_rectified_unidirectional,src\pe_claw_gui\topologies\dc_dc\boost_synchronous_rectified_unidirectional\__init__.py,src\pe_claw_gui\topologies\dc_dc\boost_synchronous_rectified_unidirectional\__init__.py,present,present,path_present
topology,04_boost_synchronous,boost_synchronous_rectified_unidirectional,src\pe_claw_gui\topologies\dc_dc\boost_synchronous_rectified_unidirectional\input_schema.py,src\pe_claw_gui\topologies\dc_dc\boost_synchronous_rectified_unidirectional\input_schema.py,present,present,path_present
topology,04_boost_synchronous,boost_synchronous_rectified_unidirectional,src\pe_claw_gui\topologies\dc_dc\boost_synchronous_rectified_unidirectional\synthesizer.py,src\pe_claw_gui\topologies\dc_dc\boost_synchronous_rectified_unidirectional\synthesizer.py,present,present,path_present
topology,04_boost_synchronous,boost_synchronous_rectified_unidirectional,src\pe_claw_gui\topologies\dc_dc\boost_synchronous_rectified_unidirectional\evaluator.py,src\pe_claw_gui\topologies\dc_dc\boost_synchronous_rectified_unidirectional\evaluator.py,present,present,path_present
topology,04_boost_synchronous,boost_synchronous_rectified_unidirectional,src\pe_claw_gui\topologies\dc_dc\boost_synchronous_rectified_unidirectional\waveform.py,src\pe_claw_gui\topologies\dc_dc\boost_synchronous_rectified_unidirectional\waveform.py,present,present,path_present
topology,04_boost_synchronous,boost_synchronous_rectified_unidirectional,src\pe_claw_gui\topologies\dc_dc\boost_synchronous_rectified_unidirectional\stress.py,src\pe_claw_gui\topologies\dc_dc\boost_synchronous_rectified_unidirectional\stress.py,present,present,path_present
topology,05_buck_boost_diode,buck_boost_diode_rectified_unidirectional,src\pe_claw_gui\topologies\dc_dc\buck_boost_diode_rectified_unidirectional\__init__.py,src\pe_claw_gui\topologies\dc_dc\buck_boost_diode_rectified_unidirectional\__init__.py,present,present,path_present
topology,05_buck_boost_diode,buck_boost_diode_rectified_unidirectional,src\pe_claw_gui\topologies\dc_dc\buck_boost_diode_rectified_unidirectional\input_schema.py,src\pe_claw_gui\topologies\dc_dc\buck_boost_diode_rectified_unidirectional\input_schema.py,present,present,path_present
topology,05_buck_boost_diode,buck_boost_diode_rectified_unidirectional,src\pe_claw_gui\topologies\dc_dc\buck_boost_diode_rectified_unidirectional\synthesizer.py,src\pe_claw_gui\topologies\dc_dc\buck_boost_diode_rectified_unidirectional\synthesizer.py,present,present,path_present
topology,05_buck_boost_diode,buck_boost_diode_rectified_unidirectional,src\pe_claw_gui\topologies\dc_dc\buck_boost_diode_rectified_unidirectional\evaluator.py,src\pe_claw_gui\topologies\dc_dc\buck_boost_diode_rectified_unidirectional\evaluator.py,present,present,path_present
topology,05_buck_boost_diode,buck_boost_diode_rectified_unidirectional,src\pe_claw_gui\topologies\dc_dc\buck_boost_diode_rectified_unidirectional\waveform.py,src\pe_claw_gui\topologies\dc_dc\buck_boost_diode_rectified_unidirectional\waveform.py,present,present,path_present
topology,05_buck_boost_diode,buck_boost_diode_rectified_unidirectional,src\pe_claw_gui\topologies\dc_dc\buck_boost_diode_rectified_unidirectional\stress.py,src\pe_claw_gui\topologies\dc_dc\buck_boost_diode_rectified_unidirectional\stress.py,present,present,path_present
topology,06_flyback_ccm,flyback_diode_rectified_isolated,src\pe_claw_gui\topologies\dc_dc\flyback_diode_rectified_isolated\__init__.py,src\pe_claw_gui\topologies\dc_dc\flyback_diode_rectified_isolated\__init__.py,present,present,path_present
topology,06_flyback_ccm,flyback_diode_rectified_isolated,src\pe_claw_gui\topologies\dc_dc\flyback_diode_rectified_isolated\input_schema.py,src\pe_claw_gui\topologies\dc_dc\flyback_diode_rectified_isolated\input_schema.py,present,present,path_present
topology,06_flyback_ccm,flyback_diode_rectified_isolated,src\pe_claw_gui\topologies\dc_dc\flyback_diode_rectified_isolated\synthesizer.py,src\pe_claw_gui\topologies\dc_dc\flyback_diode_rectified_isolated\synthesizer.py,present,present,path_present
topology,06_flyback_ccm,flyback_diode_rectified_isolated,src\pe_claw_gui\topologies\dc_dc\flyback_diode_rectified_isolated\evaluator.py,src\pe_claw_gui\topologies\dc_dc\flyback_diode_rectified_isolated\evaluator.py,present,present,path_present
topology,06_flyback_ccm,flyback_diode_rectified_isolated,src\pe_claw_gui\topologies\dc_dc\flyback_diode_rectified_isolated\waveform.py,src\pe_claw_gui\topologies\dc_dc\flyback_diode_rectified_isolated\waveform.py,present,present,path_present
topology,06_flyback_ccm,flyback_diode_rectified_isolated,src\pe_claw_gui\topologies\dc_dc\flyback_diode_rectified_isolated\stress.py,src\pe_claw_gui\topologies\dc_dc\flyback_diode_rectified_isolated\stress.py,present,present,path_present
topology,07_psfb_diode,phase_shifted_full_bridge_diode_rectifier_isolated,src\pe_claw_gui\topologies\dc_dc\phase_shifted_full_bridge_diode_rectifier_isolated\__init__.py,src\pe_claw_gui\topologies\dc_dc\phase_shifted_full_bridge_diode_rectifier_isolated\__init__.py,present,present,path_present
topology,07_psfb_diode,phase_shifted_full_bridge_diode_rectifier_isolated,src\pe_claw_gui\topologies\dc_dc\phase_shifted_full_bridge_diode_rectifier_isolated\input_schema.py,src\pe_claw_gui\topologies\dc_dc\phase_shifted_full_bridge_diode_rectifier_isolated\input_schema.py,present,present,path_present
topology,07_psfb_diode,phase_shifted_full_bridge_diode_rectifier_isolated,src\pe_claw_gui\topologies\dc_dc\phase_shifted_full_bridge_diode_rectifier_isolated\synthesizer.py,src\pe_claw_gui\topologies\dc_dc\phase_shifted_full_bridge_diode_rectifier_isolated\synthesizer.py,present,present,path_present
topology,07_psfb_diode,phase_shifted_full_bridge_diode_rectifier_isolated,src\pe_claw_gui\topologies\dc_dc\phase_shifted_full_bridge_diode_rectifier_isolated\evaluator.py,src\pe_claw_gui\topologies\dc_dc\phase_shifted_full_bridge_diode_rectifier_isolated\evaluator.py,present,present,path_present
topology,07_psfb_diode,phase_shifted_full_bridge_diode_rectifier_isolated,src\pe_claw_gui\topologies\dc_dc\phase_shifted_full_bridge_diode_rectifier_isolated\waveform.py,src\pe_claw_gui\topologies\dc_dc\phase_shifted_full_bridge_diode_rectifier_isolated\waveform.py,present,present,path_present
topology,07_psfb_diode,phase_shifted_full_bridge_diode_rectifier_isolated,src\pe_claw_gui\topologies\dc_dc\phase_shifted_full_bridge_diode_rectifier_isolated\stress.py,src\pe_claw_gui\topologies\dc_dc\phase_shifted_full_bridge_diode_rectifier_isolated\stress.py,present,present,path_present
topology,08_llc_full_bridge_diode,llc_resonant_converter_diode_rectifier,src\pe_claw_gui\topologies\llc\__init__.py,src\pe_claw_gui\topologies\llc\__init__.py,present,present,path_present
topology,08_llc_full_bridge_diode,llc_resonant_converter_diode_rectifier,src\pe_claw_gui\topologies\llc\input_schema.py,src\pe_claw_gui\topologies\llc\input_schema.py,present,present,path_present
topology,08_llc_full_bridge_diode,llc_resonant_converter_diode_rectifier,src\pe_claw_gui\topologies\llc\evaluator.py,src\pe_claw_gui\topologies\llc\evaluator.py,present,present,path_present
topology,08_llc_full_bridge_diode,llc_resonant_converter_diode_rectifier,src\pe_claw_gui\topologies\llc\waveform.py,src\pe_claw_gui\topologies\llc\waveform.py,present,present,path_present
topology,08_llc_full_bridge_diode,llc_resonant_converter_diode_rectifier,src\pe_claw_gui\topologies\llc\stress.py,src\pe_claw_gui\topologies\llc\stress.py,present,present,path_present
topology,08_llc_full_bridge_diode,llc_resonant_converter_diode_rectifier,src\pe_claw_gui\topologies\llc\solver.py,src\pe_claw_gui\topologies\llc\solver.py,present,present,path_present
topology,09_llc_half_bridge_diode,llc_resonant_converter_diode_rectifier,src\pe_claw_gui\topologies\llc\__init__.py,src\pe_claw_gui\topologies\llc\__init__.py,present,present,path_present
topology,09_llc_half_bridge_diode,llc_resonant_converter_diode_rectifier,src\pe_claw_gui\topologies\llc\input_schema.py,src\pe_claw_gui\topologies\llc\input_schema.py,present,present,path_present
topology,09_llc_half_bridge_diode,llc_resonant_converter_diode_rectifier,src\pe_claw_gui\topologies\llc\evaluator.py,src\pe_claw_gui\topologies\llc\evaluator.py,present,present,path_present
topology,09_llc_half_bridge_diode,llc_resonant_converter_diode_rectifier,src\pe_claw_gui\topologies\llc\waveform.py,src\pe_claw_gui\topologies\llc\waveform.py,present,present,path_present
topology,09_llc_half_bridge_diode,llc_resonant_converter_diode_rectifier,src\pe_claw_gui\topologies\llc\stress.py,src\pe_claw_gui\topologies\llc\stress.py,present,present,path_present
topology,09_llc_half_bridge_diode,llc_resonant_converter_diode_rectifier,src\pe_claw_gui\topologies\llc\solver.py,src\pe_claw_gui\topologies\llc\solver.py,present,present,path_present
topology,10_single_phase_capacitor_rectifier,single_phase_diode_bridge_rectifier_capacitor_filter,src\pe_claw_gui\topologies\ac_dc\single_phase_diode_bridge_rectifier_capacitor_filter\__init__.py,src\pe_claw_gui\topologies\ac_dc\single_phase_diode_bridge_rectifier_capacitor_filter\__init__.py,present,present,path_present
topology,10_single_phase_capacitor_rectifier,single_phase_diode_bridge_rectifier_capacitor_filter,src\pe_claw_gui\topologies\ac_dc\single_phase_diode_bridge_rectifier_capacitor_filter\input_schema.py,src\pe_claw_gui\topologies\ac_dc\single_phase_diode_bridge_rectifier_capacitor_filter\input_schema.py,present,present,path_present
topology,10_single_phase_capacitor_rectifier,single_phase_diode_bridge_rectifier_capacitor_filter,src\pe_claw_gui\topologies\ac_dc\single_phase_diode_bridge_rectifier_capacitor_filter\synthesizer.py,src\pe_claw_gui\topologies\ac_dc\single_phase_diode_bridge_rectifier_capacitor_filter\synthesizer.py,present,present,path_present
topology,10_single_phase_capacitor_rectifier,single_phase_diode_bridge_rectifier_capacitor_filter,src\pe_claw_gui\topologies\ac_dc\single_phase_diode_bridge_rectifier_capacitor_filter\evaluator.py,src\pe_claw_gui\topologies\ac_dc\single_phase_diode_bridge_rectifier_capacitor_filter\evaluator.py,present,present,path_present
topology,10_single_phase_capacitor_rectifier,single_phase_diode_bridge_rectifier_capacitor_filter,src\pe_claw_gui\topologies\ac_dc\single_phase_diode_bridge_rectifier_capacitor_filter\waveform.py,src\pe_claw_gui\topologies\ac_dc\single_phase_diode_bridge_rectifier_capacitor_filter\waveform.py,present,present,path_present
topology,10_single_phase_capacitor_rectifier,single_phase_diode_bridge_rectifier_capacitor_filter,src\pe_claw_gui\topologies\ac_dc\single_phase_diode_bridge_rectifier_capacitor_filter\stress.py,src\pe_claw_gui\topologies\ac_dc\single_phase_diode_bridge_rectifier_capacitor_filter\stress.py,present,present,path_present
topology,10_single_phase_capacitor_rectifier,single_phase_diode_bridge_rectifier_capacitor_filter,src\pe_claw_gui\topologies\ac_dc\single_phase_diode_bridge_rectifier_capacitor_filter\simulation.py,src\pe_claw_gui\topologies\ac_dc\single_phase_diode_bridge_rectifier_capacitor_filter\simulation.py,present,present,path_present
topology,11_single_phase_dc_inductor_rectifier,single_phase_diode_bridge_rectifier_dc_inductor_filter,src\pe_claw_gui\topologies\ac_dc\single_phase_diode_bridge_rectifier_dc_inductor_filter\__init__.py,src\pe_claw_gui\topologies\ac_dc\single_phase_diode_bridge_rectifier_dc_inductor_filter\__init__.py,present,present,path_present
topology,11_single_phase_dc_inductor_rectifier,single_phase_diode_bridge_rectifier_dc_inductor_filter,src\pe_claw_gui\topologies\ac_dc\single_phase_diode_bridge_rectifier_dc_inductor_filter\input_schema.py,src\pe_claw_gui\topologies\ac_dc\single_phase_diode_bridge_rectifier_dc_inductor_filter\input_schema.py,present,present,path_present
topology,11_single_phase_dc_inductor_rectifier,single_phase_diode_bridge_rectifier_dc_inductor_filter,src\pe_claw_gui\topologies\ac_dc\single_phase_diode_bridge_rectifier_dc_inductor_filter\synthesizer.py,src\pe_claw_gui\topologies\ac_dc\single_phase_diode_bridge_rectifier_dc_inductor_filter\synthesizer.py,present,present,path_present
topology,11_single_phase_dc_inductor_rectifier,single_phase_diode_bridge_rectifier_dc_inductor_filter,src\pe_claw_gui\topologies\ac_dc\single_phase_diode_bridge_rectifier_dc_inductor_filter\evaluator.py,src\pe_claw_gui\topologies\ac_dc\single_phase_diode_bridge_rectifier_dc_inductor_filter\evaluator.py,present,present,path_present
topology,11_single_phase_dc_inductor_rectifier,single_phase_diode_bridge_rectifier_dc_inductor_filter,src\pe_claw_gui\topologies\ac_dc\single_phase_diode_bridge_rectifier_dc_inductor_filter\waveform.py,src\pe_claw_gui\topologies\ac_dc\single_phase_diode_bridge_rectifier_dc_inductor_filter\waveform.py,present,present,path_present
topology,11_single_phase_dc_inductor_rectifier,single_phase_diode_bridge_rectifier_dc_inductor_filter,src\pe_claw_gui\topologies\ac_dc\single_phase_diode_bridge_rectifier_dc_inductor_filter\stress.py,src\pe_claw_gui\topologies\ac_dc\single_phase_diode_bridge_rectifier_dc_inductor_filter\stress.py,present,present,path_present
topology,11_single_phase_dc_inductor_rectifier,single_phase_diode_bridge_rectifier_dc_inductor_filter,src\pe_claw_gui\topologies\ac_dc\single_phase_diode_bridge_rectifier_dc_inductor_filter\simulation.py,src\pe_claw_gui\topologies\ac_dc\single_phase_diode_bridge_rectifier_dc_inductor_filter\simulation.py,present,present,path_present
topology,12_three_phase_capacitor_rectifier,three_phase_diode_bridge_rectifier_capacitor_filter,src\pe_claw_gui\topologies\ac_dc\three_phase_diode_bridge_rectifier_capacitor_filter\__init__.py,src\pe_claw_gui\topologies\ac_dc\three_phase_diode_bridge_rectifier_capacitor_filter\__init__.py,present,present,path_present
topology,12_three_phase_capacitor_rectifier,three_phase_diode_bridge_rectifier_capacitor_filter,src\pe_claw_gui\topologies\ac_dc\three_phase_diode_bridge_rectifier_capacitor_filter\input_schema.py,src\pe_claw_gui\topologies\ac_dc\three_phase_diode_bridge_rectifier_capacitor_filter\input_schema.py,present,present,path_present
topology,12_three_phase_capacitor_rectifier,three_phase_diode_bridge_rectifier_capacitor_filter,src\pe_claw_gui\topologies\ac_dc\three_phase_diode_bridge_rectifier_capacitor_filter\synthesizer.py,src\pe_claw_gui\topologies\ac_dc\three_phase_diode_bridge_rectifier_capacitor_filter\synthesizer.py,present,present,path_present
topology,12_three_phase_capacitor_rectifier,three_phase_diode_bridge_rectifier_capacitor_filter,src\pe_claw_gui\topologies\ac_dc\three_phase_diode_bridge_rectifier_capacitor_filter\evaluator.py,src\pe_claw_gui\topologies\ac_dc\three_phase_diode_bridge_rectifier_capacitor_filter\evaluator.py,present,present,path_present
topology,12_three_phase_capacitor_rectifier,three_phase_diode_bridge_rectifier_capacitor_filter,src\pe_claw_gui\topologies\ac_dc\three_phase_diode_bridge_rectifier_capacitor_filter\waveform.py,src\pe_claw_gui\topologies\ac_dc\three_phase_diode_bridge_rectifier_capacitor_filter\waveform.py,present,present,path_present
topology,12_three_phase_capacitor_rectifier,three_phase_diode_bridge_rectifier_capacitor_filter,src\pe_claw_gui\topologies\ac_dc\three_phase_diode_bridge_rectifier_capacitor_filter\stress.py,src\pe_claw_gui\topologies\ac_dc\three_phase_diode_bridge_rectifier_capacitor_filter\stress.py,present,present,path_present
topology,12_three_phase_capacitor_rectifier,three_phase_diode_bridge_rectifier_capacitor_filter,src\pe_claw_gui\topologies\ac_dc\three_phase_diode_bridge_rectifier_capacitor_filter\simulation.py,src\pe_claw_gui\topologies\ac_dc\three_phase_diode_bridge_rectifier_capacitor_filter\simulation.py,present,present,path_present
topology,13_diode_bridge_boost_pfc,single_phase_boost_pfc_diode_bridge,src\pe_claw_gui\topologies\ac_dc\single_phase_boost_pfc_diode_bridge\__init__.py,src\pe_claw_gui\topologies\ac_dc\single_phase_boost_pfc_diode_bridge\__init__.py,present,present,path_present
topology,13_diode_bridge_boost_pfc,single_phase_boost_pfc_diode_bridge,src\pe_claw_gui\topologies\ac_dc\single_phase_boost_pfc_diode_bridge\input_schema.py,src\pe_claw_gui\topologies\ac_dc\single_phase_boost_pfc_diode_bridge\input_schema.py,present,present,path_present
topology,13_diode_bridge_boost_pfc,single_phase_boost_pfc_diode_bridge,src\pe_claw_gui\topologies\ac_dc\single_phase_boost_pfc_diode_bridge\synthesizer.py,src\pe_claw_gui\topologies\ac_dc\single_phase_boost_pfc_diode_bridge\synthesizer.py,present,present,path_present
topology,13_diode_bridge_boost_pfc,single_phase_boost_pfc_diode_bridge,src\pe_claw_gui\topologies\ac_dc\single_phase_boost_pfc_diode_bridge\evaluator.py,src\pe_claw_gui\topologies\ac_dc\single_phase_boost_pfc_diode_bridge\evaluator.py,present,present,path_present
topology,13_diode_bridge_boost_pfc,single_phase_boost_pfc_diode_bridge,src\pe_claw_gui\topologies\ac_dc\single_phase_boost_pfc_diode_bridge\waveform.py,src\pe_claw_gui\topologies\ac_dc\single_phase_boost_pfc_diode_bridge\waveform.py,present,present,path_present
topology,13_diode_bridge_boost_pfc,single_phase_boost_pfc_diode_bridge,src\pe_claw_gui\topologies\ac_dc\single_phase_boost_pfc_diode_bridge\stress.py,src\pe_claw_gui\topologies\ac_dc\single_phase_boost_pfc_diode_bridge\stress.py,present,present,path_present
topology,14_totem_pole_pfc,single_phase_totem_pole_bridgeless_pfc,src\pe_claw_gui\topologies\ac_dc\single_phase_totem_pole_bridgeless_pfc\__init__.py,src\pe_claw_gui\topologies\ac_dc\single_phase_totem_pole_bridgeless_pfc\__init__.py,present,present,path_present
topology,14_totem_pole_pfc,single_phase_totem_pole_bridgeless_pfc,src\pe_claw_gui\topologies\ac_dc\single_phase_totem_pole_bridgeless_pfc\input_schema.py,src\pe_claw_gui\topologies\ac_dc\single_phase_totem_pole_bridgeless_pfc\input_schema.py,present,present,path_present
topology,14_totem_pole_pfc,single_phase_totem_pole_bridgeless_pfc,src\pe_claw_gui\topologies\ac_dc\single_phase_totem_pole_bridgeless_pfc\synthesizer.py,src\pe_claw_gui\topologies\ac_dc\single_phase_totem_pole_bridgeless_pfc\synthesizer.py,present,present,path_present
topology,14_totem_pole_pfc,single_phase_totem_pole_bridgeless_pfc,src\pe_claw_gui\topologies\ac_dc\single_phase_totem_pole_bridgeless_pfc\evaluator.py,src\pe_claw_gui\topologies\ac_dc\single_phase_totem_pole_bridgeless_pfc\evaluator.py,present,present,path_present
topology,14_totem_pole_pfc,single_phase_totem_pole_bridgeless_pfc,src\pe_claw_gui\topologies\ac_dc\single_phase_totem_pole_bridgeless_pfc\waveform.py,src\pe_claw_gui\topologies\ac_dc\single_phase_totem_pole_bridgeless_pfc\waveform.py,present,present,path_present
topology,14_totem_pole_pfc,single_phase_totem_pole_bridgeless_pfc,src\pe_claw_gui\topologies\ac_dc\single_phase_totem_pole_bridgeless_pfc\stress.py,src\pe_claw_gui\topologies\ac_dc\single_phase_totem_pole_bridgeless_pfc\stress.py,present,present,path_present
topology,15_single_phase_full_bridge_inverter,single_phase_full_bridge_inverter,src\pe_claw_gui\topologies\dc_ac\single_phase_full_bridge_inverter\__init__.py,src\pe_claw_gui\topologies\dc_ac\single_phase_full_bridge_inverter\__init__.py,present,present,path_present
topology,15_single_phase_full_bridge_inverter,single_phase_full_bridge_inverter,src\pe_claw_gui\topologies\dc_ac\single_phase_full_bridge_inverter\input_schema.py,src\pe_claw_gui\topologies\dc_ac\single_phase_full_bridge_inverter\input_schema.py,present,present,path_present
topology,15_single_phase_full_bridge_inverter,single_phase_full_bridge_inverter,src\pe_claw_gui\topologies\dc_ac\single_phase_full_bridge_inverter\synthesizer.py,src\pe_claw_gui\topologies\dc_ac\single_phase_full_bridge_inverter\synthesizer.py,present,present,path_present
topology,15_single_phase_full_bridge_inverter,single_phase_full_bridge_inverter,src\pe_claw_gui\topologies\dc_ac\single_phase_full_bridge_inverter\evaluator.py,src\pe_claw_gui\topologies\dc_ac\single_phase_full_bridge_inverter\evaluator.py,present,present,path_present
topology,15_single_phase_full_bridge_inverter,single_phase_full_bridge_inverter,src\pe_claw_gui\topologies\dc_ac\single_phase_full_bridge_inverter\waveform.py,src\pe_claw_gui\topologies\dc_ac\single_phase_full_bridge_inverter\waveform.py,present,present,path_present
topology,15_single_phase_full_bridge_inverter,single_phase_full_bridge_inverter,src\pe_claw_gui\topologies\dc_ac\single_phase_full_bridge_inverter\stress.py,src\pe_claw_gui\topologies\dc_ac\single_phase_full_bridge_inverter\stress.py,present,present,path_present
topology,16_three_phase_two_level_vsi,three_phase_two_level_voltage_source_inverter,src\pe_claw_gui\topologies\dc_ac\three_phase_two_level_voltage_source_inverter\__init__.py,src\pe_claw_gui\topologies\dc_ac\three_phase_two_level_voltage_source_inverter\__init__.py,present,present,path_present
topology,16_three_phase_two_level_vsi,three_phase_two_level_voltage_source_inverter,src\pe_claw_gui\topologies\dc_ac\three_phase_two_level_voltage_source_inverter\input_schema.py,src\pe_claw_gui\topologies\dc_ac\three_phase_two_level_voltage_source_inverter\input_schema.py,present,present,path_present
topology,16_three_phase_two_level_vsi,three_phase_two_level_voltage_source_inverter,src\pe_claw_gui\topologies\dc_ac\three_phase_two_level_voltage_source_inverter\synthesizer.py,src\pe_claw_gui\topologies\dc_ac\three_phase_two_level_voltage_source_inverter\synthesizer.py,present,present,path_present
topology,16_three_phase_two_level_vsi,three_phase_two_level_voltage_source_inverter,src\pe_claw_gui\topologies\dc_ac\three_phase_two_level_voltage_source_inverter\evaluator.py,src\pe_claw_gui\topologies\dc_ac\three_phase_two_level_voltage_source_inverter\evaluator.py,present,present,path_present
topology,16_three_phase_two_level_vsi,three_phase_two_level_voltage_source_inverter,src\pe_claw_gui\topologies\dc_ac\three_phase_two_level_voltage_source_inverter\waveform.py,src\pe_claw_gui\topologies\dc_ac\three_phase_two_level_voltage_source_inverter\waveform.py,present,present,path_present
topology,16_three_phase_two_level_vsi,three_phase_two_level_voltage_source_inverter,src\pe_claw_gui\topologies\dc_ac\three_phase_two_level_voltage_source_inverter\stress.py,src\pe_claw_gui\topologies\dc_ac\three_phase_two_level_voltage_source_inverter\stress.py,present,present,path_present
topology,17_three_phase_three_level_npc,three_phase_three_level_npc_inverter,src\pe_claw_gui\topologies\dc_ac\three_phase_three_level_npc_inverter\__init__.py,src\pe_claw_gui\topologies\dc_ac\three_phase_three_level_npc_inverter\__init__.py,present,present,path_present
topology,17_three_phase_three_level_npc,three_phase_three_level_npc_inverter,src\pe_claw_gui\topologies\dc_ac\three_phase_three_level_npc_inverter\input_schema.py,src\pe_claw_gui\topologies\dc_ac\three_phase_three_level_npc_inverter\input_schema.py,present,present,path_present
topology,17_three_phase_three_level_npc,three_phase_three_level_npc_inverter,src\pe_claw_gui\topologies\dc_ac\three_phase_three_level_npc_inverter\synthesizer.py,src\pe_claw_gui\topologies\dc_ac\three_phase_three_level_npc_inverter\synthesizer.py,present,present,path_present
topology,17_three_phase_three_level_npc,three_phase_three_level_npc_inverter,src\pe_claw_gui\topologies\dc_ac\three_phase_three_level_npc_inverter\evaluator.py,src\pe_claw_gui\topologies\dc_ac\three_phase_three_level_npc_inverter\evaluator.py,present,present,path_present
topology,17_three_phase_three_level_npc,three_phase_three_level_npc_inverter,src\pe_claw_gui\topologies\dc_ac\three_phase_three_level_npc_inverter\waveform.py,src\pe_claw_gui\topologies\dc_ac\three_phase_three_level_npc_inverter\waveform.py,present,present,path_present
topology,17_three_phase_three_level_npc,three_phase_three_level_npc_inverter,src\pe_claw_gui\topologies\dc_ac\three_phase_three_level_npc_inverter\stress.py,src\pe_claw_gui\topologies\dc_ac\three_phase_three_level_npc_inverter\stress.py,present,present,path_present
input_contract,shared,all_17,src\pe_claw_gui\agentic\design_request_parser_bridge.py,src\pe_claw_gui\agentic\design_request_parser_bridge.py,present,missing,target_gap
input_contract,shared,all_17,src\pe_claw_gui\agentic\requirement_parser.py,src\pe_claw_gui\agentic\requirement_parser.py,present,missing,target_gap
routing,shared,all_17,src\pe_claw_gui\agentic\requirement_topology_router.py,src\pe_claw_gui\agentic\requirement_topology_router.py,present,missing,target_gap
routing,shared,all_17,src\pe_claw_gui\agentic\topology_router.py,src\pe_claw_gui\agentic\topology_router.py,present,missing,target_gap
session,shared,all_17,src\pe_claw_gui\agentic\design_request_runner.py,src\pe_claw_gui\agentic\design_request_runner.py,present,missing,target_gap
session,shared,all_17,src\pe_claw_gui\agentic\session_output_layout.py,src\pe_claw_gui\agentic\session_output_layout.py,present,missing,target_gap
report,shared,all_17,src\pe_claw_gui\agentic\report_generation.py,src\pe_claw_gui\agentic\report_generation.py,present,missing,target_gap
report,shared,all_17,src\pe_claw_gui\agentic\report_artifact_writer.py,src\pe_claw_gui\agentic\report_artifact_writer.py,present,missing,target_gap
pipeline,shared,all_17,src\pe_claw_gui\pipeline\run_full_pipeline.py,src\pe_claw_gui\pipeline\run_full_pipeline.py,present,present,path_present
pipeline,shared,all_17,src\pe_claw_gui\pipeline\run_operating_point_refresh.py,src\pe_claw_gui\pipeline\run_operating_point_refresh.py,present,present,path_present
device_library,shared,all_17,src\pe_claw_gui\engines\devices\ranking.py,src\pe_claw_gui\engines\devices\ranking.py,present,present,path_present
device_library,shared,all_17,src\pe_claw_gui\engines\devices\selector.py,src\pe_claw_gui\engines\devices\selector.py,present,present,path_present
magnetic_library,shared,all_17,src\pe_claw_gui\engines\magnetics\candidate_selection.py,src\pe_claw_gui\engines\magnetics\candidate_selection.py,present,present,path_present
magnetic_library,shared,all_17,src\pe_claw_gui\engines\magnetics\core_selector.py,src\pe_claw_gui\engines\magnetics\core_selector.py,present,present,path_present
capacitor_library,shared,all_17,src\pe_claw_gui\engines\capacitors\selection.py,src\pe_claw_gui\engines\capacitors\selection.py,present,present,path_present
output_model,shared,all_17,src\pe_claw_gui\models\design_report.py,src\pe_claw_gui\models\design_report.py,present,present,path_present
waveform_model,shared,all_17,src\pe_claw_gui\engines\waveforms\feature_extract.py,src\pe_claw_gui\engines\waveforms\feature_extract.py,present,present,path_present
